state,district,capacity_tpa,cum_share
Uttar Pradesh,Meerut,294713.4,0.06965924527198894
Uttarakhand,Haridwar,268728.0,0.13317651209274106
Uttar Pradesh,Bulandshahr,266485.0,0.19616361745105176
Telangana,K.V.Rangareddy,246860.0,0.25451210546633435
Uttar Pradesh,Hapur,223684.0,0.30738265230750134
Uttar Pradesh,Muzaffarnagar,195300.0,0.35354428120397985
Rajasthan,Alwar,163386.0,0.39216263194069284
Haryana,Sonipat,126867.0,0.42214925443536533
Gujarat,Ahmedabad,116725.0,0.44973868675969436
Maharashtra,Thane,110970.0,0.47596785193451374
Haryana,Gurgaon,110954.3,0.5021933062154587
Haryana,Jhajjar,107790.0,0.5276708381087071
Maharashtra,Palghar,97000.0,0.5505980168232919
Haryana,Karnal,79050.0,0.5692824856623427
Tamil Nadu,Kanchipuram,70988.64,0.5860615499508514
Uttar Pradesh,Ghaziabad,70549.84,0.6027368983010097
Gujarat,Sabarkantha,69199.0,0.6190929585058608
Uttar Pradesh,Mathura,66480.0,0.634806348618702
Maharashtra,Pune,64622.0,0.6500805768959588
Tamil Nadu,Tiruvannamalai,64308.0,0.665280587295727
Uttar Pradesh,Saharanpur,63090.0,0.6801927079668936
Karnataka,Bangalore Rural,58807.92,0.6940927047882648
Uttar Pradesh,Gautam Buddha Nagar,57338.0,0.7076452673979232
Uttar Pradesh,Budaun,50520.0,0.7195863093428801
Haryana,Rohtak,49350.0,0.7312508069672592
Haryana,Faridabad,48395.0,0.7426895782444997
Uttar Pradesh,Bagpat,46689.0,0.7537251148115641
Gujarat,Gandhi Nagar,45000.0,0.7643614348337943
Rajasthan,Jaipur,40536.0,0.773942631909819
Telangana,Nalgonda,40476.0,0.7835096472258143
Karnataka,Kolar,40360.0,0.7930492444724189
Gujarat,Surat,38282.0,0.8020976800966636
Telangana,Medak,36600.0,0.8107485537147441
Telangana,Hyderabad,36442.0,0.8193620820314131
Haryana,Panipat,36250.0,0.8279302287159873
Punjab,Ludhiana,36185.0,0.8364830118271961
Gujarat,Bharuch,34480.0,0.844632796590896
Gujarat,Rajkot,33509.0,0.8525530732047828
Maharashtra,Solapur,33000.0,0.8603530412210849
Karnataka,Tumkur,30960.0,0.8676708293963792
Maharashtra,Mumbai,28500.0,0.8744071654104583
Madhya Pradesh,Sehore,25080.0,0.8803351411028478
Tamil Nadu,Tiruvallur,24286.52,0.8860755677460987
Telangana,Mahabub Nagar,21500.0,0.891157365090053
West Bengal,Howrah,20958.0,0.8961110538684064
Uttar Pradesh,Jhansi,20000.0,0.9008383072116197
Gujarat,Kheda,20000.0,0.9055655605548331
Maharashtra,Raigarh(MH),19950.0,0.9102809957646885
Andhra Pradesh,Ananthapur,19800.0,0.9149609765744697
Madhya Pradesh,Bhopal,18000.0,0.9192155045833618
Tamil Nadu,Vellore,17949.003,0.9234579788053165
Maharashtra,Satara,17500.0,0.9275943254806283
Karnataka,Bangalore,16213.0,0.9314264734033042
Gujarat,Anand,15000.0,0.9349719134107142
Kerala,Idukki,14965.0,0.9385090807247736
Maharashtra,Nashik,14760.0,0.941997793692065
Uttar Pradesh,Sitapur,14400.0,0.9454014160991787
Maharashtra,Nagpur,14360.0,0.9487955839996058
Gujarat,Mahesana,13663.0,0.9520250071210221
Karnataka,Chikkaballapur,13599.6,0.9552394448493403
Uttar Pradesh,Unnao,12250.0,0.9581348875220586
Chhattisgarh,Raipur,12000.0,0.9609712395279866
Tamil Nadu,Coimbatore,11865.0,0.9637756825738479
Haryana,Ambala,11771.25,0.9665579666196629
Uttar Pradesh,Jaunpur,11520.0,0.9692808645453538
Maharashtra,Ahmed Nagar,11500.0,0.9719990352177015
Maharashtra,Jalna,11000.0,0.9745990245564689
Madhya Pradesh,Indore,10800.0,0.977151741361804
Punjab,Mohali,9000.0,0.9792790053662501
Himachal Pradesh,Solan,7600.0,0.9810753616366712
Haryana,Mewat,7010.0,0.9827322639334675
Punjab,Jalandhar,7000.0,0.9843868026035921
West Bengal,Puruliya,6960.0,0.9860318867670304
Gujarat,Bhavnagar,6130.0,0.9874807899167253
Uttar Pradesh,Moradabad,6120.0,0.9889273294397486
Uttar Pradesh,Sambhal,6120.0,0.9903738689627719
Haryana,Rewari,5830.65,0.9917520169480522
Karnataka,Ramanagar,4020.0,0.9927021948700381
Madhya Pradesh,Gwalior,4000.0,0.9936476455386808
Karnataka,Dakshina Kannada,3600.0,0.9944985511404592
Gujarat,Vadodara,2606.0,0.9951145122510798
Assam,Nalbari,2500.0,0.9957054189189816
Maharashtra,Dhule,2000.0,0.9961781442533029
Haryana,Palwal,1825.0,0.9966095061208711
West Bengal,North 24 Parganas,1800.0,0.9970349589217603
Tamil Nadu,Namakkal,1680.0,0.9974320482025902
Karnataka,Mysore,1500.0,0.9977865922033312
Uttar Pradesh,Mau,1314.0,0.9980971727479804
West Bengal,South 24 Parganas,1080.0,0.9983524444285139
Madhya Pradesh,Raisen,1000.0,0.9985888070956745
Gujarat,Valsad,893.0,0.998799878957449
Maharashtra,Aurangabad,660.0,0.998955878317775
West Bengal,Hooghly,600.0,0.9990976959180714
Gujarat,Panch Mahals,480.0,0.9992111499983086
Rajasthan,Churu,450.0,0.9993175131985309
Jharkhand,Bokaro,360.0,0.9994026037587087
Jharkhand,Lohardaga,360.0,0.9994876943188865
Karnataka,Dharwad,360.0,0.9995727848790644
Kerala,Ernakulam,300.0,0.9996436936792126
Tamil Nadu,Chennai,288.0,0.9997117661273549
Maharashtra,Parbhani,235.0,0.9997673113541377
West Bengal,Kolkata,180.456,0.9998099644156028
Andhra Pradesh,Visakhapatnam,180.0,0.9998525096956917
Andhra Pradesh,Cuddapah,180.0,0.9998950549757807
Bihar,Samastipur,150.0,0.9999305093758548
Rajasthan,Sikar,150.0,0.9999659637759288
Gujarat,Navsari,144.0,1.0
