state,recyclers_2021,capacity_tpa_2021,collection_centres_2021,epr_producers_2021,processed_fy20_t,processed_fy21_t,recyclers_2020,capacity_tpa_2020,processed_fy24_t,processed_fy25_t,recyclers_fy24,recyclers_fy25,recyclers_2026,capacity_tpa_2026
Andhra Pradesh,8,32122.5,56,8,9.96,229.084,1.0,480.0,768.715,148.969,4.0,5.0,3.0,20160.0
Assam,1,120.0,92,3,28.441,63.2,,,0.0,0.0,0.0,1.0,1.0,2500.0
Bihar,0,0.0,85,0,1674.144,86.0,,,0.0,6.0,1.0,2.0,1.0,150.0
Chhattisgarh,2,6750.0,69,5,26.986,258.1,1.0,600.0,7370.845,3500.917,2.0,2.0,1.0,12000.0
Delhi,2,120.0,150,552,488.0,610.132,,,,,,,,
Goa,1,103.0,46,3,218.544,,1.0,103.0,,,,,,
Gujarat,33,84301.92,163,78,14185.54,109463.8032,16.0,49052.92,95776.688,76879.919,37.0,41.0,38.0,396111.0
Haryana,42,124281.6,112,182,31036.4,,28.0,87378.0,110061.696,149653.641,28.0,43.0,42.0,585093.2
Himachal Pradesh,2,1500.0,31,8,140.9,72.944,1.0,1000.0,159.679,169.271,1.0,4.0,4.0,7600.0
Jammu & Kashmir,3,705.0,50,0,87.18,,1.0,165.0,,,,,,
Jharkhand,2,660.0,68,1,36.43,95.316,,,0.0,129.1435,1.0,3.0,2.0,720.0
Karnataka,71,52842.0,164,140,44240.1,96192.45,71.0,52722.0,20910.603,16151.766,41.0,57.0,49.0,169420.52
Kerala,1,1200.0,103,55,1289.21,1494.0,,,5242.86,10079.632,1.0,2.0,2.0,15265.0
Madhya Pradesh,2,9600.0,95,9,183.82,419.44,2.0,9600.0,5914.66,13014.042,6.0,10.0,9.0,58880.0
Maharashtra,116,106280.5,384,445,13141.94,14546.0,75.0,78179.0,40664.231,52597.803,50.0,75.0,65.0,426057.0
Odisha,5,5690.0,81,7,476.13,398.483,3.0,3680.0,,,,,,
Punjab,7,9492.0,83,9,180.9,384.307,3.0,4850.0,65.493,2972.086,4.0,7.0,8.0,52185.0
Rajasthan,23,83254.0,118,23,17028.188,18742.118,26.0,90769.0,24279.505,21345.48,8.0,14.0,17.0,204522.0
Tamil Nadu,32,132049.0,162,106,37235.66,28305.89,24.0,97271.2,23203.636,16360.815,8.0,18.0,18.0,191365.163
Telangana,16,91563.0,97,37,37858.0,38346.0,11.0,41493.0,65226.787,119187.979,14.0,19.0,21.0,381878.0
Uttar Pradesh,89,494042.7,139,161,0.0,,41.0,243627.5,236727.041,388160.231,74.0,125.0,116.0,1406573.24
Uttarakhand,6,147305.0,59,7,16322.16,43150.08,4.0,19250.0,134255.106,113562.255,5.0,7.0,5.0,268728.0
West Bengal,4,1950.0,145,65,510.0,416.891,3.0,1860.0,6302.319,4559.529,6.0,11.0,9.0,31578.456
