fy_end_year,logistic_lakh_t,p10,p90
2018,0.9660739742532577,0.8005633431594082,1.320446035728154
2019,1.5312680221407622,1.357526616039126,1.9030850488077653
2020,2.3627103741824604,2.1899646778920134,2.7193943101340343
2021,3.508625306504082,3.3271007042562553,3.845518086943408
2022,4.953774013523788,4.718977865874986,5.274901115530182
2023,6.585257919735479,6.272757390865274,6.842564905286671
2024,8.212052786306494,7.775338234163332,8.411385396796522
2025,9.645257733315537,8.924653340546927,9.885836580874928
2026,10.77653822351912,9.585221504971944,11.210548824391399
2027,11.5945201291302,9.992290856607386,12.353468754908052
2028,12.14920556256316,10.224891274712032,13.299559132401614
2029,12.50916772774811,10.357730387788875,14.041162085557135
2030,12.736144497162401,10.433736322201433,14.579671813247565
