scenario,fy_end_year,generation_lakh_t,formal_flow_lakh_t,epr_floor_lakh_t
Low (8% gen. growth),2026,15.097920372000003,11.021481871560002,10.568544260400001
Low (8% gen. growth),2027,16.305754001760004,12.392373041337603,11.414027801232002
Low (8% gen. growth),2028,17.610214321900802,14.088171457520643,14.088171457520643
Low (8% gen. growth),2029,19.01903146765287,15.78579611815188,15.215225174122295
Low (8% gen. growth),2030,20.540553985065102,17.459470887305336,16.432443188052083
Base (11.5%),2026,15.5872048285,11.378659524805,10.91104337995
Base (11.5%),2027,17.379733383777502,13.208597371670901,12.165813368644251
Base (11.5%),2028,19.378402722911915,15.502722178329533,15.502722178329533
Base (11.5%),2029,21.606919036046783,17.93374279991883,17.28553522883743
Base (11.5%),2030,24.091714725192166,20.47795751641334,19.273371780153735
High (14%),2026,15.936693726000003,11.633786419980002,11.155685608200002
High (14%),2027,18.167830847640005,13.807551444206403,12.717481593348003
High (14%),2028,20.71132716630961,16.569061733047686,16.569061733047686
High (14%),2029,23.610912969592956,19.597057764762152,18.888730375674367
High (14%),2030,26.916440785335972,22.878974667535577,21.53315262826878
