,0
storage_health_pct,0.2590270315383794
age_yrs,0.2588803127600976
cpu_gen_gap,0.14681701175667927
functional_fail,0.10504808256161705
battery_health_pct,0.07206107381096703
cosmetic_grade,0.053054780841363246
wipe_verified,0.038504596852833826
brand_tier,0.022234336052010733
asset_type_Monitor,0.01716328508539887
asset_type_Laptop,0.010824559741489177
asset_type_Desktop,0.005634775327306853
asset_type_Server,0.004536878999913879
asset_type_Mobile,0.0036867311022833133
asset_type_Network,0.0025265435696597005
