id,failure_mode,stage,S,O,D,FRPN_low,FRPN_high,FRPN,crisp_RPN,fuzzy_rank,crisp_rank
R2,Leakage to informal kabadiwala channel,Collection,7.42,5.5,7.42,105.875,641.71875,352.3,333.1,1,1
R5,Chain-of-custody gap (serial mismatch),Hub receiving,7.58,6.3,5.7,90.68699999999998,597.5585000000001,321.6,275.1,2,2
R1,Data breach: un-wiped drive lost in transit,Collection & transport,8.67,3.7,7.58,67.82999999999998,532.9499999999999,285.7,253.0,3,3
R3,Li-ion battery thermal event in truck/hub,Transport & storage,8.08,3.5,5.5,33.075,398.0625,197.0,173.1,4,4
R4,EPR / Form-6 manifest non-compliance,Documentation,6.72,4.3,5.0,33.120000000000005,377.05500000000006,185.5,151.7,5,5
R6,Mis-grading destroys recoverable value,Grading,3.8,5.8,6.3,29.412000000000003,375.4920000000001,181.3,131.6,6,6
R8,Recycler capacity / licence lapse,Recycler,6.3,3.5,4.3,14.835,287.5950000000001,132.4,100.6,7,7
R9,Transit damage lowers resale grade,Transport & packaging,3.8,5.8,3.5,10.260000000000002,248.82000000000002,112.1,76.2,8,8
R7,Return-volume surge (refresh cycle),Planning,3.8,5.0,3.5,8.100000000000001,223.30000000000004,99.3,67.2,9,9
R10,Commodity price swing on recovered metals,Market,4.3,5.0,2.13,6.9,163.17000000000004,68.9,36.1,10,10
