site_id,city,lat,lon,tonnes
BEN000,Bengaluru,13.026303135457061,77.56215881142518,15.031650482851989
BEN001,Bengaluru,13.011109771380168,77.530426665304,14.60638078995252
BEN002,Bengaluru,12.937325153809144,77.55564358954015,14.910059707844493
BEN003,Bengaluru,12.862374431896987,77.63382752327071,1.7493365447610998
BEN004,Bengaluru,12.927753789381756,77.5911244706855,0.5404259758363948
BEN005,Bengaluru,13.013267199301533,77.6301878058427,9.08235878796615
BEN006,Bengaluru,13.029884659807552,77.58113630639416,8.815389943982977
BEN007,Bengaluru,12.931903151916027,77.58282536101842,19.533797835332937
BEN008,Bengaluru,12.818139900943779,77.45975987748193,0.4957650743844164
BEN009,Bengaluru,12.850957034888104,77.50024778551587,6.543332732577249
BEN010,Bengaluru,13.00597968040511,77.5085068850176,0.4403835604535421
BEN011,Bengaluru,12.935965370136456,77.70693054680075,6.808819549609728
BEN012,Bengaluru,12.937936242604472,77.65637640116203,10.824646246178581
BEN013,Bengaluru,12.885974408799111,77.57151061979192,2.418953067244798
BEN014,Bengaluru,12.884498015058048,77.55948702316896,7.700149309124702
BEN015,Bengaluru,13.045627732371166,77.43454116191269,0.961424812020769
BEN016,Bengaluru,13.009098127919128,77.61139620420991,0.5725615794375173
BEN017,Bengaluru,12.916526503987289,77.45985479310504,1.9705709388540638
BEN018,Bengaluru,12.976491655694248,77.54234565618427,5.634499643840099
BEN019,Bengaluru,12.990940859021924,77.59196669309712,2.582076746973557
BEN020,Bengaluru,13.114160100218884,77.56845799352743,7.798936242008373
BEN021,Bengaluru,12.877885225664032,77.60613480714608,1.3978495367564021
BEN022,Bengaluru,12.989799701557459,77.71232688177165,11.491401604220144
BEN023,Bengaluru,13.045160012132312,77.62211839532345,7.67201555549643
BEN024,Bengaluru,13.101697260209761,77.48301132511095,4.100184384212379
BEN025,Bengaluru,12.912422362052522,77.5066081652735,2.6077194715886813
BEN026,Bengaluru,12.934917117715981,77.46609824671994,2.834256193612295
BEN027,Bengaluru,13.027163585213296,77.56999995726112,0.4819035805981059
BEN028,Bengaluru,12.837627433494761,77.49859788269133,1.1231010731559814
BEN029,Bengaluru,12.998216246270518,77.6654313911105,4.284776903415107
BEN030,Bengaluru,13.149705780252262,77.85224762194066,2.4301158601250226
BEN031,Bengaluru,13.00729684899484,77.50094156919714,7.904104323391778
BEN032,Bengaluru,12.778115834734184,77.61409403161095,4.429642030282968
BEN033,Bengaluru,12.89683530142207,77.55261784658383,1.4875913456548444
BEN034,Bengaluru,12.914911288084618,77.57732882022253,2.8828275137643047
BEN035,Bengaluru,13.065938220770889,77.60413437107009,4.011156362413192
BEN036,Bengaluru,12.95572286466652,77.49679116224569,2.149723158361233
BEN037,Bengaluru,12.819278534976608,77.5462322881834,2.0126610274955397
BEN038,Bengaluru,12.965159570426351,77.7491136922222,5.495171377879376
BEN039,Bengaluru,12.98172470693256,77.67844655599208,1.8565804352887476
BEN040,Bengaluru,12.925063396131478,77.48335506102246,8.338606170920656
BEN041,Bengaluru,12.883139491399087,77.52472965419179,8.695993049832062
BEN042,Bengaluru,13.161562275919165,77.51607519886981,6.7779291866431075
BEN043,Bengaluru,13.045464028336271,77.50873655397217,0.4565895822730063
BEN044,Bengaluru,13.053841571158683,77.62464558694953,7.090443933083399
BEN045,Bengaluru,12.955902589210773,77.58633137264782,8.467624329958623
BEN046,Bengaluru,12.911069107411356,77.63014649813339,7.015243120246181
BEN047,Bengaluru,12.92905148676933,77.47969548126095,1.7509298013824288
BEN048,Bengaluru,12.854985618311234,77.605532912595,2.006564922442016
BEN049,Bengaluru,13.11211821307694,77.60439924522161,1.0362179999299337
BEN050,Bengaluru,12.95932255065011,77.61572435256423,2.215560021649885
BEN051,Bengaluru,13.087540156753615,77.60974442512276,0.13217049016477728
BEN052,Bengaluru,12.933016549224964,77.6895659839054,1.0463496588155103
BEN053,Bengaluru,13.008588079461546,77.72821803927964,8.222029827073472
BEN054,Bengaluru,12.986491099349973,77.47979778714516,24.982362838247283
BEN055,Bengaluru,12.84686567206789,77.73858351390082,3.523366327108829
BEN056,Bengaluru,13.125129914870497,77.57384327080457,1.77587980954485
BEN057,Bengaluru,12.935513141097761,77.7215299863018,2.4868611551590063
BEN058,Bengaluru,12.870365888616087,77.50947456829398,2.2591924805919295
BEN059,Bengaluru,13.027899411522014,77.55448553894264,0.8104983117003483
BEN060,Bengaluru,12.969539031995195,77.5752901391328,6.77319129455576
BEN061,Bengaluru,13.000381709391904,77.71667336751824,8.602115078196997
BEN062,Bengaluru,12.978152641621158,77.64795449139493,9.42716027606237
BEN063,Bengaluru,12.785484510907208,77.58561534382629,33.19857609656024
BEN064,Bengaluru,12.894109275673642,77.48030682456188,13.171311459018103
BEN065,Bengaluru,12.890966286976413,77.55992889033693,10.284069512406534
BEN066,Bengaluru,13.052431228812042,77.47062465540344,6.524142378091002
BEN067,Bengaluru,12.972756834333499,77.54642475099998,3.704593955249167
BEN068,Bengaluru,12.940509421507425,77.68024820427742,0.2779335867511317
BEN069,Bengaluru,13.018430389330353,77.71036582966985,5.980894802008109
BEN070,Bengaluru,12.95609448886751,77.52736516494964,3.885026187719887
BEN071,Bengaluru,12.949852706480756,77.61182471121441,9.428112142555515
BEN072,Bengaluru,12.985891602260835,77.492405073499,12.679519945284689
BEN073,Bengaluru,12.978144080346508,77.61054054971251,2.076168578113495
BEN074,Bengaluru,13.196572663378053,77.75891601501536,0.3110526479152398
BEN075,Bengaluru,12.893208098449707,77.56413549746058,5.78219567728164
BEN076,Bengaluru,12.83829021983467,77.5368363687433,15.964549785955558
BEN077,Bengaluru,12.99840445032313,77.69852682587994,5.133523456016264
BEN078,Bengaluru,12.904382454603075,77.53112682039391,13.323132030262748
BEN079,Bengaluru,12.776743987323522,77.57536006715097,4.7080167842799465
HYD000,Hyderabad,17.36370459327768,78.48068605587406,16.61481712418596
HYD001,Hyderabad,17.36732203596138,78.50373062608922,5.533428905301652
HYD002,Hyderabad,17.522434277569385,78.25900074031618,14.141428969192381
HYD003,Hyderabad,17.36868347619413,78.50588611792351,6.783342913645811
HYD004,Hyderabad,17.41663945907184,78.45652768768107,3.366350065551327
HYD005,Hyderabad,17.231895039576926,78.51951959353427,1.633236828599981
HYD006,Hyderabad,17.545461519274777,78.35195247355755,9.242305251017374
HYD007,Hyderabad,17.467744521232838,78.46043272991894,14.37187654143598
HYD008,Hyderabad,17.384480808875406,78.39523913403664,17.923106634761734
HYD009,Hyderabad,17.359898944487973,78.6070040135229,2.0274150587970454
HYD010,Hyderabad,17.442438971778895,78.64590804448689,6.886252998040042
HYD011,Hyderabad,17.495967070007993,78.52951780110365,3.4458358147876487
HYD012,Hyderabad,17.546954107355102,78.52950938428644,11.4922751497086
HYD013,Hyderabad,17.464518935911737,78.46330861418187,1.4816690462705133
HYD014,Hyderabad,17.39598912342733,78.42723185590297,0.3957111847059851
HYD015,Hyderabad,17.479062554113536,78.38395267391965,2.4228373473690965
HYD016,Hyderabad,17.46041153081759,78.47284140482454,0.4743471392441551
HYD017,Hyderabad,17.495412238412058,78.5575782089858,3.1625465596588707
HYD018,Hyderabad,17.553858154188212,78.55576972220247,3.275166899057323
HYD019,Hyderabad,17.24851637699121,78.48397421443916,0.7611882485651097
HYD020,Hyderabad,17.284519352666468,78.44335481418703,20.724756585587027
HYD021,Hyderabad,17.526010558994905,78.54737804298078,2.028554168927856
HYD022,Hyderabad,17.327096261427915,78.39876543702036,8.033972095709258
HYD023,Hyderabad,17.392950388358862,78.38050958655569,1.3474488905969761
HYD024,Hyderabad,17.329597375034307,78.51808085243961,3.415382197047256
HYD025,Hyderabad,17.493978083249605,78.54478853250019,0.6058113039129376
HYD026,Hyderabad,17.18378394422617,78.51739300561272,0.7910800117802217
HYD027,Hyderabad,17.39648302159093,78.52725012568354,0.0748588952198692
HYD028,Hyderabad,17.53545887134861,78.30430855508757,10.844053131238054
HYD029,Hyderabad,17.3368006917328,78.5431815690514,2.3848457251275796
HYD030,Hyderabad,17.247656504049147,78.62283541432481,4.649682419892113
HYD031,Hyderabad,17.42315209514306,78.5661925587259,5.833288375229097
HYD032,Hyderabad,17.33861507046304,78.56323873209695,1.207095338480094
HYD033,Hyderabad,17.486162440039013,78.51095902181234,19.690386370389316
HYD034,Hyderabad,17.411096080342883,78.51433089153535,3.6696554169760587
HYD035,Hyderabad,17.312298926173455,78.47672241877837,0.505998303215455
HYD036,Hyderabad,17.37627297207929,78.52450544779181,0.7253052010860493
HYD037,Hyderabad,17.479984182221926,78.39473175262194,3.331914372533477
HYD038,Hyderabad,17.37874918727124,78.62333099928931,0.8524989288512176
HYD039,Hyderabad,17.32307705940687,78.41599749844387,2.190649088975521
HYD040,Hyderabad,17.40820755726481,78.56599466714367,4.990049602199438
HYD041,Hyderabad,17.39102834500046,78.60960645313932,0.27857248790565775
HYD042,Hyderabad,17.46711145843099,78.5657638060201,2.4092813818005068
HYD043,Hyderabad,17.43987048511917,78.69948877903114,10.538750604494647
HYD044,Hyderabad,17.371535448002057,78.309682993714,0.5002685763790102
HYD045,Hyderabad,17.53438289253654,78.44880705121388,6.514069573824902
HYD046,Hyderabad,17.399709239990873,78.60785956163744,0.3388070142173212
HYD047,Hyderabad,17.245796641304697,78.37735175073044,17.978300148495936
HYD048,Hyderabad,17.245884985659305,78.4185277338977,1.7064317629738202
HYD049,Hyderabad,17.42956729454153,78.53717690585314,1.6452504460917001
HYD050,Hyderabad,17.41486467613957,78.36285107044968,7.317951931949851
HYD051,Hyderabad,17.182090690703063,78.49489182268513,15.167261549334013
HYD052,Hyderabad,17.34754015697255,78.5313447194545,21.399463595463047
HYD053,Hyderabad,17.453175826359914,78.50244172888527,9.27560837227678
HYD054,Hyderabad,17.458411977683827,78.51062902367035,11.597557451921316
PUN000,Pune,18.46111450509812,73.89851013966255,0.30782253115329405
PUN001,Pune,18.502968009315722,73.88957958020542,1.6683139246167025
PUN002,Pune,18.552572966853596,73.97885954899753,3.044763899503026
PUN003,Pune,18.489149246422205,73.72708279648388,11.33909011931057
PUN004,Pune,18.616050017491478,73.83016606451125,1.1250112648259323
PUN005,Pune,18.620313320011963,73.89450394018642,20.25597551025869
PUN006,Pune,18.5081976222817,73.89138983046416,11.35416874190376
PUN007,Pune,18.695591130411366,74.04692824761484,0.41290685735598787
PUN008,Pune,18.52624430216195,73.87441715339854,0.0465723231087278
PUN009,Pune,18.616861614171974,73.78389050705094,0.8850257053043752
PUN010,Pune,18.549976333535643,73.85767234368416,5.080483121900454
PUN011,Pune,18.54825173903118,73.78499680746455,32.15746084813522
PUN012,Pune,18.376938925602193,73.67343149076078,1.8515136191559431
PUN013,Pune,18.419435429830934,73.81871922435546,7.285479104219292
PUN014,Pune,18.49361275720161,74.03435080461865,0.43724102805600845
PUN015,Pune,18.619539403291657,73.77341179952926,8.139105644520933
PUN016,Pune,18.551293760720586,73.82336295872847,10.36356864540731
PUN017,Pune,18.49440725457639,73.87667930844738,11.556504529758863
PUN018,Pune,18.575725400527784,73.82946673645044,11.732654526960781
PUN019,Pune,18.615746637946092,73.75722555964718,8.577410510175392
PUN020,Pune,18.520570515612604,74.09379063539363,0.44199546687934166
PUN021,Pune,18.540077176836274,73.98898930559456,4.2956987213815285
PUN022,Pune,18.528236816035587,73.91226993857968,2.274485284019788
PUN023,Pune,18.514889512504656,73.84466331769522,2.441970295399919
PUN024,Pune,18.44984658429471,73.89872712230618,11.643086505337196
PUN025,Pune,18.44336165297328,73.9199026712682,11.23388065473805
PUN026,Pune,18.61767583040013,73.89298782665135,6.095663948842896
PUN027,Pune,18.494237613979987,73.90085690213778,1.3113194114731261
PUN028,Pune,18.492219425000822,73.94419924129187,5.746653028400634
PUN029,Pune,18.355173452420637,73.82979533686932,1.4982801228924476
PUN030,Pune,18.34082692043884,73.72544452527956,7.738415584724939
PUN031,Pune,18.64274760068325,73.94056664837746,1.0084341266955557
PUN032,Pune,18.45524677900437,73.72477468895632,6.170566287258418
PUN033,Pune,18.25319240459425,73.81108540428606,2.477424393910836
PUN034,Pune,18.737837351102264,73.89913958443172,0.4925466994484236
PUN035,Pune,18.469638494255545,73.90185721885503,7.1938857662160425
PUN036,Pune,18.3795137482305,73.83324089735721,0.6617002027426743
PUN037,Pune,18.528952972571417,73.85225094133611,22.273844790938114
PUN038,Pune,18.591172550952106,73.89101807036124,3.4344155823088975
PUN039,Pune,18.58014934162972,73.79804649459923,1.851123562737428
PUN040,Pune,18.600803386756947,74.00660432528616,1.0396280793317567
PUN041,Pune,18.432686543231373,73.78010739098569,3.8024959524081114
PUN042,Pune,18.64022059026882,73.84277904119745,7.251413076282662
MUM000,Mumbai,19.097085905355367,72.74906597632679,3.189394644634911
MUM001,Mumbai,19.200256749001095,72.99231549865534,3.7004865901749704
MUM002,Mumbai,19.05727343991273,72.9127108904055,1.5411292784518404
MUM003,Mumbai,18.86310702307801,72.77592871057611,5.516390155813252
MUM004,Mumbai,19.053559897186307,72.78350802807158,6.68543837073003
MUM005,Mumbai,19.14429568343676,73.05975668776732,8.856845409746363
MUM006,Mumbai,18.97410467525136,72.80462829363233,1.3058587101263104
MUM007,Mumbai,19.101190353147892,73.02500045336497,5.640300618891728
MUM008,Mumbai,18.969986311871406,72.90241325100762,7.800718572560462
MUM009,Mumbai,19.24391689657318,72.73134167666386,0.2709909782823063
MUM010,Mumbai,18.964703771383874,72.84187540541852,3.242609773069764
MUM011,Mumbai,19.033147042843012,72.95313411589783,5.405283932276601
MUM012,Mumbai,19.101749374783875,72.72025341463221,1.6922390050483769
MUM013,Mumbai,19.12638693626107,72.828021500138,10.45313628946466
MUM014,Mumbai,19.19470024952471,72.82351712172067,7.364231476781079
MUM015,Mumbai,19.0227046245208,72.92870184497241,1.0788781385962825
MUM016,Mumbai,19.148663383410323,72.92032894275425,3.393217584663606
MUM017,Mumbai,18.928296241435365,72.92842309959354,19.06403401663215
MUM018,Mumbai,18.9869122753493,72.90117485004293,4.536624401122325
MUM019,Mumbai,18.951863900814082,72.92016899327888,8.084733421786357
MUM020,Mumbai,19.007406098612336,72.76456288147655,14.065797483334325
MUM021,Mumbai,19.144243812283413,72.9017480069509,3.3711064844365
MUM022,Mumbai,19.02474208787464,73.01060609641189,0.5518704233813051
MUM023,Mumbai,19.040341282058723,72.88288969065738,1.4105581089733752
MUM024,Mumbai,19.10420221029107,72.82423006592842,3.771651448332338
MUM025,Mumbai,19.12240226640599,72.83198928875517,3.3364252258715466
MUM026,Mumbai,19.04295255100054,73.0026378375823,4.6123549238461115
MUM027,Mumbai,18.98634725527388,72.66284977021634,7.497746819286741
MUM028,Mumbai,19.22498432955107,73.10943951573462,8.644231404273079
MUM029,Mumbai,19.043525766109557,72.70568457634418,6.062332003558695
MUM030,Mumbai,19.052056442142362,72.85423993451434,16.26335524508523
MUM031,Mumbai,19.062906854307997,72.77979507622703,20.554734074424715
MUM032,Mumbai,19.13216050282288,72.92720566377574,7.420421988507812
MUM033,Mumbai,18.94550349421626,72.94292770585254,11.068245790039603
MUM034,Mumbai,19.26474164837513,72.89547642991933,2.92894094998598
MUM035,Mumbai,19.04964073541383,72.86721971070332,0.8200873401107039
MUM036,Mumbai,19.135373109027167,72.72423955550434,4.785572626257785
MUM037,Mumbai,19.094795163267957,72.84485824454835,14.72793288316908
MUM038,Mumbai,19.24630425116604,72.86432445395755,0.9098152013870476
MUM039,Mumbai,19.230109885000754,72.78066333719961,2.4907655772445736
MUM040,Mumbai,19.13285332501225,72.9087460237412,5.67538687826251
MUM041,Mumbai,19.001785747692168,72.89596565031732,3.2653871616159624
MUM042,Mumbai,19.189126695314844,72.85085874661421,0.30466182648625284
MUM043,Mumbai,18.92772336157472,72.87841934561702,23.62566627737938
MUM044,Mumbai,18.998781921468673,72.84918931552025,4.418323507495149
MUM045,Mumbai,19.07265710072834,72.72649130055859,1.6609998764772864
MUM046,Mumbai,18.934590749461137,72.9233860151973,2.830058840827758
MUM047,Mumbai,19.032955317344726,72.64917300923615,0.1675267322544429
MUM048,Mumbai,19.15063596329473,72.90451327797467,4.577519276666388
MUM049,Mumbai,19.015751265836716,72.76148528100475,9.357982252174917
CHE000,Chennai,13.14171741317472,80.23841428560038,2.3187665128694404
CHE001,Chennai,12.98799477465174,80.2613438956769,1.1176472764985672
CHE002,Chennai,13.181521697161438,80.06473359391653,7.154268557374012
CHE003,Chennai,12.9453025179087,80.18694022022942,0.6600824004143551
CHE004,Chennai,13.21150609800483,80.29543282846274,0.6062570746062691
CHE005,Chennai,13.149058551641511,80.16738551727863,1.4112183388598396
CHE006,Chennai,12.979241771225652,80.31030323450504,3.1118209558402734
CHE007,Chennai,13.08524468978419,80.31938649369776,1.1500832547208737
CHE008,Chennai,13.06310961081644,80.29503293538092,8.579123101722008
CHE009,Chennai,13.09423071764146,80.33999906501764,5.05993876967813
CHE010,Chennai,13.152630745375003,80.12421152050473,33.44080491936905
CHE011,Chennai,12.877745830019323,80.36015708578863,22.32178912906498
CHE012,Chennai,13.186895258393575,80.1781439282438,4.690103284649889
CHE013,Chennai,12.912614813410894,80.27891313389064,4.160656090857764
CHE014,Chennai,13.163775440371548,80.43178350701909,0.7829111885152564
CHE015,Chennai,13.12646678148913,80.23654549730729,10.781288161417462
CHE016,Chennai,12.999618244057363,80.27103061625036,23.058204537210543
CHE017,Chennai,13.053066176650328,80.1786438884844,4.306396666385993
CHE018,Chennai,13.264388008577695,80.43066515618649,10.331252415146107
CHE019,Chennai,13.182244381519988,80.18712346419717,0.13671289612112802
CHE020,Chennai,13.156951739186756,80.3275663768548,48.30508666660222
CHE021,Chennai,13.119829106178365,80.38246987403393,0.6942841475525889
CHE022,Chennai,13.137183402857515,80.33660128126739,9.885782905847886
CHE023,Chennai,13.137321565503498,80.30067122672018,0.35636604496017804
CHE024,Chennai,12.919474998325724,80.27752589696695,2.2472265757511076
CHE025,Chennai,13.029942723703579,80.1548143138124,2.6226005215390744
CHE026,Chennai,13.231363495737074,80.4256095806797,6.920448727956492
CHE027,Chennai,13.202329854026605,80.29296920751702,0.43540344920683277
CHE028,Chennai,13.20155626088574,80.27108478625416,2.939497585628299
CHE029,Chennai,13.0982517549208,80.17158757665841,1.5855307753832424
CHE030,Chennai,13.115729217404896,80.2754347335582,0.7943096920466773
CHE031,Chennai,12.962761309484899,80.2653922599365,11.013306691992506
CHE032,Chennai,13.072824339252888,80.43178050499802,3.1454923609598135
CHE033,Chennai,13.160479199566208,80.27103008951823,0.6410015106255378
CHE034,Chennai,13.102390857882098,80.27397911402937,3.747151890051587
CHE035,Chennai,13.0617377413684,80.17258155223504,1.2809841046616512
CHE036,Chennai,13.066405331015376,80.20285115690127,0.0072243238015635945
CHE037,Chennai,12.967471601496916,80.31600996330927,0.7195869191873384
CHE038,Chennai,13.115213819393992,80.10919632397687,7.81481457760636
CHE039,Chennai,13.06895838262544,80.35961312473098,0.011352485624918604
CHE040,Chennai,13.17533013650067,80.36232531585966,3.120834235165454
CHE041,Chennai,13.083502188621132,80.19394592048278,4.580073352594635
CHE042,Chennai,12.982467105537774,80.30101444142753,1.9523149239320248
GUR000,Gurugram,28.415922483538893,77.11177412239029,6.100313203773052
GUR001,Gurugram,28.462797702899405,77.05507183230607,1.5120028128628475
GUR002,Gurugram,28.461258669967876,77.06029248139448,5.865297159337868
GUR003,Gurugram,28.498246930769255,76.85567297605651,6.143771478576232
GUR004,Gurugram,28.51999154017486,76.94161825221528,7.424815392623848
GUR005,Gurugram,28.330193077799652,77.02474298805272,8.328461824571912
GUR006,Gurugram,28.467558290298303,76.96758444518849,8.614661570390137
GUR007,Gurugram,28.53479286719012,76.90920423502662,0.10179393757252585
GUR008,Gurugram,28.42337506261047,76.97736132785603,6.10611703151324
GUR009,Gurugram,28.45580714566946,77.05509778561826,5.077607023541838
GUR010,Gurugram,28.36928963453388,77.09518544097106,10.706712086909777
GUR011,Gurugram,28.465670213150123,76.85972483720192,0.6546223022955145
GUR012,Gurugram,28.283726770364268,77.02889126363637,5.831774774973528
GUR013,Gurugram,28.440112941399228,77.02069218977829,3.32431754086163
GUR014,Gurugram,28.45748157891228,77.05030038555591,3.40467275622012
GUR015,Gurugram,28.545288464886347,76.93000055891743,0.8445715564485604
GUR016,Gurugram,28.35452255663893,76.93160085279014,7.492733997865461
GUR017,Gurugram,28.486002500045185,77.14204526407818,3.6827105422029445
GUR018,Gurugram,28.421179450558444,76.80484701402563,0.566572885614186
GUR019,Gurugram,28.306640642365068,76.95502669494836,38.791522549742
GUR020,Gurugram,28.40980440012543,76.99324502354708,4.8555769416404875
GUR021,Gurugram,28.463472301068283,77.00194283022599,2.6574399916129576
GUR022,Gurugram,28.55444056494891,76.96915844248868,16.932261749817037
GUR023,Gurugram,28.382391383647203,77.07309879846684,9.692650033697115
GUR024,Gurugram,28.32179221370665,77.0650722534788,8.02539763262517
GUR025,Gurugram,28.469229786535365,77.01673017590737,0.3738830227962439
GUR026,Gurugram,28.602944849643436,76.97400132992348,5.837583850066994
GUR027,Gurugram,28.645426835347166,77.00971116956947,11.345026543873155
GUR028,Gurugram,28.34506851995268,77.03629276228953,3.565689734175171
GUR029,Gurugram,28.363137931971313,76.96234197369678,7.58634908977047
GUR030,Gurugram,28.495732997001394,77.08000238797851,1.6905997369133892
GUR031,Gurugram,28.404004906977118,77.11886646305418,0.7773091429482976
GUR032,Gurugram,28.564175698221902,77.1592671580907,11.23852144524144
GUR033,Gurugram,28.507647206641316,77.15270858408772,2.834381563819486
GUR034,Gurugram,28.290728141482337,77.00138841062343,3.7146699061060136
GUR035,Gurugram,28.38196952693089,77.04073032750146,1.8711020225648147
GUR036,Gurugram,28.408569570272295,77.01504579422452,3.5937162899538175
GUR037,Gurugram,28.629395739218364,77.01472521832217,1.8156640094265721
GUR038,Gurugram,28.49724130854712,77.00909576030682,0.29428368302457686
GUR039,Gurugram,28.466814195916115,77.03054150123924,10.354024884033095
GUR040,Gurugram,28.500349165937585,77.13487767819925,0.9720895883690358
GUR041,Gurugram,28.6082654597843,77.05786580737183,1.9960692305420473
GUR042,Gurugram,28.513059219743205,76.9264221941733,10.095115573602921
GUR043,Gurugram,28.452091093182595,77.11462605183952,5.691437807001086
GUR044,Gurugram,28.537937177457543,77.04904487595155,4.528205027306403
GUR045,Gurugram,28.539775456361117,77.07416900380944,11.28067069772279
GUR046,Gurugram,28.56802756324334,77.05604232412614,0.9286675949619456
GUR047,Gurugram,28.427987151598607,77.06022571312397,3.4693998220871576
GUR048,Gurugram,28.19624650617325,77.06445971627465,3.2686542077762075
GUR049,Gurugram,28.13164284573067,76.87488829333351,18.138506748626927
NOI000,Noida,28.569793613949656,77.36276422164767,3.082768361962051
NOI001,Noida,28.49654888571478,77.46835000484778,5.970890102770074
NOI002,Noida,28.67313470596068,77.55149330491403,3.0882637681729976
NOI003,Noida,28.65833270843553,77.38012392365329,0.7455979480771496
NOI004,Noida,28.57174481467237,77.45901405846058,0.9504559637304301
NOI005,Noida,28.55090601543695,77.40176877691204,20.28836960090197
NOI006,Noida,28.614137781868855,77.38466456185766,7.704062158994744
NOI007,Noida,28.474364175726368,77.35269742407478,2.715557901394489
NOI008,Noida,28.597051933996035,77.390269396208,8.61039730408788
NOI009,Noida,28.57061889791815,77.4503071317982,4.40503057103874
NOI010,Noida,28.506264268339216,77.45806233472668,9.374810859517646
NOI011,Noida,28.574095834311255,77.27886682217797,6.668394208799625
NOI012,Noida,28.66980743120676,77.34493297306187,8.566680708121382
NOI013,Noida,28.391041419113332,77.29594606613723,0.03488271886376435
NOI014,Noida,28.44810593553895,77.39469559867918,26.159454201159228
NOI015,Noida,28.515353454500836,77.35968512291235,0.2888974094551368
NOI016,Noida,28.595773176893424,77.42058878250734,3.031676172193921
NOI017,Noida,28.568444308357986,77.42688456115958,0.8032808558446127
NOI018,Noida,28.5954521201202,77.20028419924003,1.3136677977370752
NOI019,Noida,28.507200557296198,77.19378109419594,3.194876295294223
NOI020,Noida,28.5432453934118,77.38958303249981,2.6763646621999087
NOI021,Noida,28.63409790473107,77.4968870953449,17.558015171672128
NOI022,Noida,28.55824975434271,77.34496750303428,2.9556930162655037
NOI023,Noida,28.583664500129114,77.3424874126408,18.275746457436302
NOI024,Noida,28.5398746613701,77.47875226852646,5.304370501269269
NOI025,Noida,28.48980057886095,77.46251107753183,3.027779795100639
NOI026,Noida,28.600966123182307,77.30406873645822,5.553749986848877
NOI027,Noida,28.627650471539564,77.45287097108344,5.258114723912469
NOI028,Noida,28.54917332986354,77.32139088877751,1.8121492978784535
NOI029,Noida,28.4626714583282,77.34161036807873,1.7696299823992956
NOI030,Noida,28.588833501696275,77.30399373493387,13.932543012663833
NOI031,Noida,28.579376102375786,77.27824200240094,0.4837393987535141
NOI032,Noida,28.521633827400503,77.39986829791167,4.394089085482693
KOL000,Kolkata,22.469684473323888,88.33936366118029,1.6979305377928062
KOL001,Kolkata,22.42664851662506,88.27784098119531,4.47190665202761
KOL002,Kolkata,22.59041074414982,88.47871118779672,1.6815447969843296
KOL003,Kolkata,22.822828977510657,88.30720734234362,11.167469782887729
KOL004,Kolkata,22.69917701409809,88.38193772323615,5.270589313559232
KOL005,Kolkata,22.556387711792826,88.39893350065535,5.1897240291515905
KOL006,Kolkata,22.575572483531197,88.3699356153051,9.902319627952245
KOL007,Kolkata,22.5332500153456,88.2341701306181,1.5394143477893785
KOL008,Kolkata,22.43107373177301,88.41879203949532,1.6051167260773989
KOL009,Kolkata,22.545096991892287,88.30635199903094,19.07295063117679
KOL010,Kolkata,22.570765506405085,88.4315439027624,5.6810439609312215
KOL011,Kolkata,22.586232754872377,88.30095505570232,5.2418154329914
KOL012,Kolkata,22.680366366008407,88.50212669526834,0.10244144784436651
KOL013,Kolkata,22.614510098979057,88.44762971602097,3.070835828246689
KOL014,Kolkata,22.681776399713243,88.4617089384764,14.281939933730296
KOL015,Kolkata,22.625268925940137,88.41385123423674,10.339974031681813
KOL016,Kolkata,22.616769451601186,88.26123960929077,3.1577012740264894
KOL017,Kolkata,22.633065084117362,88.2379767425986,6.525281645148599
AHM000,Ahmedabad,23.051683102462263,72.48102355655088,6.18145322758205
AHM001,Ahmedabad,23.060528555023943,72.5702797695167,5.846464646169831
AHM002,Ahmedabad,22.95251679955439,72.54877535740425,5.073769385435123
AHM003,Ahmedabad,23.003424182813628,72.54568603835965,7.2914692171643924
AHM004,Ahmedabad,23.17942071180409,72.56113985979228,15.435911941897807
AHM005,Ahmedabad,22.998049350084038,72.38122941381508,1.821638004435534
AHM006,Ahmedabad,22.939521338321846,72.54632339179892,11.24181063051027
AHM007,Ahmedabad,22.9582732591441,72.69435368340399,0.0787279318625626
AHM008,Ahmedabad,23.00515560021434,72.68595998243863,15.854749566180155
AHM009,Ahmedabad,23.025553417064533,72.57335050527793,0.5513976256174334
AHM010,Ahmedabad,23.012008319705874,72.57034166264593,0.6226078231448486
KOC000,Kochi,9.972577847822473,76.23541786784074,10.89216578742553
KOC001,Kochi,10.021713932391759,76.36271758628374,15.330022883100114
KOC002,Kochi,9.94656520481444,76.35663918152382,1.3643301196123696
KOC003,Kochi,9.95453807370889,76.21946652758953,1.8780641965194431
KOC004,Kochi,9.99280351551,76.27995518103208,9.168109469255297
KOC005,Kochi,9.930120586207904,76.40256582149706,1.3673075440872542
JAI000,Jaipur,26.774340691700427,75.70133577709203,7.287707884084295
JAI001,Jaipur,26.832524248932877,76.01116816828683,1.6177547729807547
JAI002,Jaipur,27.072156775297245,75.75294255240838,0.8839636866613728
JAI003,Jaipur,26.87727750387239,75.68657164025306,14.649153847948373
JAI004,Jaipur,26.738268262809726,75.77948078322324,5.561419808325201
BHU000,Bhubaneswar,20.313376438577254,85.85295886380055,5.189479168084976
BHU001,Bhubaneswar,20.33757247628678,85.70115599142586,2.601950749864021
BHU002,Bhubaneswar,20.3769217157122,85.74798094730582,10.16566625252237
BHU003,Bhubaneswar,20.356957212314658,85.81904251910436,2.0429038295286297
