site,lat,lon,demand_kg
ReLoop Hub - Chakan MIDC,18.76,73.86,0
Hinjewadi Ph-1,18.591,73.738,199
Hinjewadi Ph-3,18.585,73.69,575
Wakad,18.599,73.762,510
Baner,18.559,73.786,391
Aundh,18.558,73.807,388
Shivajinagar,18.531,73.847,622
Kalyani Nagar,18.548,73.902,197
Viman Nagar,18.567,73.914,533
Kharadi EON,18.551,73.95,260
Magarpatta,18.514,73.926,201
Hadapsar,18.502,73.939,439
Koregaon Park,18.536,73.893,686
Yerawada Commerzone,18.556,73.885,554
Kothrud,18.507,73.807,568
Bavdhan,18.515,73.776,544
Pimpri,18.627,73.8,582
Bhosari MIDC,18.632,73.849,432
Talawade IT Park,18.678,73.795,220
Swargate,18.501,73.858,611
Balewadi High St,18.571,73.773,397
