recycler_id,company,status,type,address,district,state,capacity_tpa
227,3R RECYCLER,,Authorizati on,"Plot No. A-61/1, Industrial Area, Sikandrabad, Bulandshahr, Uttar Pradesh- 203206 Uttar Pradesh Sikandrabad 203206",Bulandshahr,Uttar Pradesh,8030.0
9726,3R RECYCLER PRIVATE LIMITED,,Authorizati on,"A-61/2 SIKANDRABAD UPSIDC INDUSTRIAL AREA,NEAR GOODLUCK CONTRACTOR SIKANDRABAD INDUSTRIAL AREA BULANDSHAHR 203206",Bulandshahr,Uttar Pradesh,50160.0
180,3R RECYCLER PVT. LTD.,,Authorizati on,"392, Sector-8, IMT Manesar, Gurgaon, Haryana 122050 Gurugaon 122050",Gurgaon,Haryana,3577.0
207,4R Recycling Pvt Ltd,,Authorizati on,"Shed No A-5, 3rd Stage, Peenya Industrial area, Nelagadirenahalli, Peenya, Bangalore 560058",Bangalore,Karnataka,903.0
13790,ABAAD DEVELOPERS PRIVATE LIMITED,,Authorizati on,G1-747 RIICO INDUSTRIAL AREA CHOPANKI BHIWADI ALWAR RAJASTHAN 301019 ALWAR 301019,Alwar,Rajasthan,700.0
126,Adatte E-Waste Management Pvt. Ltd,,Authorizati on,"F-120, Karoli Industrial Area Tapukara Extension Alwar 301707",Alwar,Rajasthan,1780.0
282,Adinath Recyclotronix Private Limited,,Authorizati on,Plot No 361 Industrial Estate HSIIDC Refinery Road Panipat 132103,Panipat,Haryana,18250.0
13837,ADS Recycling Private Limited,,Authorizati on,"Khasra No. 760,761,752,763 Peepli Khera road, Village Allipur Jijmana, Kharkhoda Meerut 245206",Meerut,Uttar Pradesh,18000.0
9447,AER WORLDWIDE INDIA PVT LTD,,Authorizati on,"774 Eladhanderi, Sadayankuppam Village, Manali New Town (Near Andarkuppam Checkpost) Chennai 600103",Tiruvallur,Tamil Nadu,6000.0
4702490,Aevitas Recycling LLP,,Authorizati on,"HB,NO 187, KHASRA NO 58,18,1,1,2, 58,16,1,2 KHATA NO 98,103,233,264, BUDHEWAL LUDHIANA 141112",Ludhiana,Punjab,22000.0
2727479,AIRECO RECYCLERS PRIVATE LIMITED,,Authorizati on,"KHASHRA NO -192M , SADAR , SIKHERA , MUZAFFAR NAGAR DIST MUZAFFAR NAGER MUZAFFAR NAGER 251001",Muzaffarnagar,Uttar Pradesh,10800.0
1650763,A K M RECYCLERS,,Authorizati on,"H NO 467, DHANSAR VILLAGE PANVEL, NEAR BY SHILPHATA TOLL NAKA, KOHINOOR ESTATE NAVI MUMBAI, Raigad, Maharashtra Maharashtra, 410208 RAIGAD 410208",Raigarh(MH),Maharashtra,2400.0
210,AKSHA RECYCLING AND WASTE MANAGEMENT PRIVATE LIMITED,,Authorizati on,"876, 1193-1195, 7.5 KM. JANSATH ROAD, VILL.- SHER NAGAR, GAUTAM BUDH NAGAR, MUZAFFARNAGAR, 251001",Muzaffarnagar,Uttar Pradesh,63180.0
12555,ALCHEMY RECYCLERS PRIVATE LIMITED,,Authorizati on,"RS NO. 634/PAIKI P-2, MOJE MANJUSAR LAMDAPURA VILLAGE ROAD, TAL. SAVLI, DIST. VADODARA VADODARA 391775",Vadodara,Gujarat,696.0
9681,ALFA RECYCLING SOLUTIONS,,Authorizati on,"S.No. 69, Hissa No. 8, House No. 531 Village Pimpri Dahisar, Tal. & Dist. Thane Thane 400705",Thane,Maharashtra,600.0
3935285,ALLIED WASTE RECYCLER PRIVATE LIMITED,,Authorizati on,"KHASRANO - 234.235.235/284.236, VILLAGE ABDULLAPUR, BLOCK - KHEKDA BAGHPAT,BAGHPAT,250101 BAGHPAT 250101",Bagpat,Uttar Pradesh,24862.2
6936,Aman E Waste Recyclers Pvt LTD,,Authorizati on,S No 20/5 Plot No 79 to 89 Aamgaon Talasari Palghar 401606,Thane,Maharashtra,10500.0
3513706,AMBITO E- CARE PRIVATE LIMITED,,Authorizati on,"SURVEY NO 2,30,53, AT SHILSHET TAL.VIKRAMGARH , DIST.PALGHAR AT SHILSHET,TAL.VIKRAMGAR H,DIST.PALGHAR 401403",Palghar,Maharashtra,5000.0
3630793,ANANYA E WASTE SOLUTION PRIVATE LIMITED,,Authorizati on,"Khewat no.- 1197,1199, Khatoni no. 1343,1345 KILLA NO. 150//17/1,2 VILL. ISMAILA 11 B TEHSHIL . SAMPLA, DISTT. ROHATAK ROHTAK 124501",Rohtak,Haryana,21000.0
14125,ANJANI EWASTE RECYCLING,,Authorizati on,"Plot No. 101 Lohardaga Industrial Area, RIADA Lohardaga 835302",Lohardaga,Jharkhand,360.0
274,Anmol Paryavaran Sanrakshan Samiti,,Authorizati on,"Kh. No. 85/2,87/1, Anmol Paryavaran Sanrakshan Samiti, Daulatpur ,Hazratpur Urf Budhwasahid, Tahsil- Roorkee Haridwar 247662",Haridwar,Uttarakhand,600.0
246,Anubahv e- waste recycler india llp,,Authorizati on,f-44 upsida industrial area kosi kotwan ext-1 mathura 281403,Mathura,Uttar Pradesh,1100.0
2794332,ANVIANI SUSTAINABLE RECYCLING LLP,,Authorizati on,"PLOT NO. F3 UPSIDA INDUSTRIAL AREA, GOPALPUR SIKANDRABAD 203205",Bulandshahr,Uttar Pradesh,4800.0
9215,Aptus E Waste Recycling pvt ltd,,Authorizati on,No 68 B HOOTGALLI INDUSTRIAL AREA Mysore 570018,Mysore,Karnataka,300.0
5358,ARIHANT E RECYCLING PRIVATE LIMITED,,Authorizati on,"GUT NO 307/1,, DONDAICHA, AT POST DONDAICHA, CITY DONDAICHA-WARWADE, Dhule, Maharashtra, 425408 DHULE 425408",Dhule,Maharashtra,2000.0
753493,AR RECYCLERS PRIVATE LIMITED,,Authorizati on,"KHASRA NO 1775,JAULI JANSATH PARGANA,NAGLA BUZURG MUZAFFARNAGAR,UTTAR PRADESH 251308 MUZAFFARNAGAR 251308",Muzaffarnagar,Uttar Pradesh,6300.0
58995,ARSH RECYCLING PRIVATE LIMITED,,Authorizati on,F-203 UPSIDC INDUSTRIAL AREA MG ROAD GHAZIABAD GHAZIABAD HAPUR 201001,Hapur,Uttar Pradesh,396.0
6142,ASNCO INDIA PVT LTD,,Authorizati on,"KH.150151,207,211,212,213,3 94,199,200 VILLAGE- KHUJNAWAR SAHARANPUR 247662",Saharanpur,Uttar Pradesh,25200.0
7709,ATTERO RECYCLING PRIVATE LIMITED,,Authorizati on,KHASRA NO 173 RAIPUR INDUSTRIAL AREA BHAGWANPUR DIST HARIDWAR ROORKEE 247661,Haridwar,Uttarakhand,144000.0
220,BASANT CLEANENVIRO LIMITED,,Authorizati on,"Plot No 67 GIDC Kadi, Kadi Budasan Road Kadi 382715",Mahesana,Gujarat,5400.0
7826,BEIL INFRASTRUCT URE LIMITED,,Authorizati on,PLOT NO 9701-16 GIDC ESTATE ANKLESHWAR 393002,Bharuch,Gujarat,700.0
2806510,BENIR E STORE SOLUTIONS PRIVATE LIMITED,,Authorizati on,"PLOT NO.178, HITECH DEFENCE &AEROSPACE PARK (IT SECTOR) INDUSTRIAL AREA, GOLLAHALLI VILLAGE, JALA HOBLI, BANGALORE NORTH TALUK, YELAHANKA BANGALORE 562165",Bangalore,Karnataka,1320.0
204,BEST E-WASTE RECYCLERS PRIVATE LIMITED,,Authorizati on,KIADB INDUSTRIAL AREA 2nd CROSS NO 459 VASANTHNARSAPURA KORA TUMKUR TUMKUR 572138,Tumkur,Karnataka,25200.0
5187,Bhangarwala Waste Management Pvt Ltd,,Authorizati on,New Survey No-80/2 Plot No- 13 JUNA Survey No-245 Dahishar Mori Walivali Thane 421204,Thane,Maharashtra,6485.0
13931,BHANU METAL INDUSTRIES,,Authorizati on,"Khamar P.O-Rajarhat- Bishnupur, P.S-Rajarhat, 24 Parganas North P.S-Rajarhat, 24 Parganas North Bishnupur 700135",North 24 Parganas,West Bengal,600.0
2827352,BINBAG RECYCLING SERVICES PVT LTD,,Authorizati on,INDUSTRIAL ESTATE NATHKUCHI TIHU TIHU 781355,Nalbari,Assam,2500.0
7494,Binbay Recycling Private Limited,,Authorizati on,"Binbay House. Survey No 48. Unit No 1.2.3.6.7 Agarwal Industrial Premises, Village- Gauraipada, Vasai East 401208",Thane,Maharashtra,3770.0
14694,BLACK DIAMOND CEMENTS PRIVATE LIMITED,,Authorizati on,"Vill- Humainpur, Naraingarh Road Lalru SAS Nagar, Punjab Mohali 140501",Mohali,Punjab,9000.0
281,Bright E Waste Recycling india,,Authorizati on,Khasra num 512 village Ganeshpur Tehsil Mawana Distt. Meerut Mawana 250404,Meerut,Uttar Pradesh,1944.0
7979,BRP INFOTECH PVT LTD,,Authorizati on,F-381 UPSIDC INDU AREA PHASE-1 MG ROAD HAPUR HAPUR 245101,Hapur,Uttar Pradesh,6000.0
7549,BRP INFOTECH PVT LTD,,Authorizati on,F-394 UPSIDC INDU AREA PHASE-1 MASSURI GULAWATI ROAD HAPUR- 245101 HAPUR 245101,Ghaziabad,Uttar Pradesh,9000.0
1120219,B.S.M.R METALS,,Authorizati on,"Plot No 6, 2nd Main Road 2nd Cross KSSIDC Industrial area Veersandra 2nd stage Attibele hobli Bangalore 560099",Bangalore,Karnataka,540.0
1709467,CARBIOS ECO WASTE MANAGEMENT PRIVATE,,Authorizati on,"Nelamangala, Plot No 30-P4- 1, In Sy. no. Part of 63 & 104 Dabaspel1 Phase Industrial Area, Yedehall, Sompura Nelamangala Nelamangala 562123",Bangalore,Karnataka,450.0
7657,Cerebra Integrated Technologies Ltd,,Authorizati on,"Cerebra Integrated Technologies Ltd. Plot No 41 to 46 KIADB Industrial Rd, Appasandra Village, Narsapura Hobli, Narasapura Kolar 563133",Kolar,Karnataka,40000.0
8392,Circularity Solutions Private Limited,,Authorizati on,"Khasra No.95, 96 Sekhera Road Modinagar 201204",Ghaziabad,Uttar Pradesh,7223.84
2686709,"Circularity Solutions Pvt Ltd, Nashik",,Authorizati on,Gut No 21/1 Sarul Nashik 422010,Nashik,Maharashtra,4400.0
3149820,CLEAN HARBORS RECYCLING PRIVATE LIMITED,,Authorizati on,"Kh.no-596, Gram-Kolhai Tehsil-Sahaswan Badaunn 243638",Budaun,Uttar Pradesh,11520.0
187,CLEAN INDIA RECYCLING PVT LTD,,Authorizati on,"KHASRA NO- 737,738,739,VILLAGE BIJOLI PARGANA SARAVA PIPLI KHEDA MEERUT MEERUT 250002",Meerut,Uttar Pradesh,4800.0
9418,COMMUNICATI ONS TEST DESIGN INDIA PRIVATE LIMITED,,Authorizati on,"NO. 48, 2ND PHASE, PEENYA INDUSTRIAL AREA PEENYA Bengaluru (Bangalore) Urban 560058",Bangalore,Karnataka,1008.0
185,Coral Communications and Networks P Ltd,,Authorizati on,"8E, KIADB INDUSTRIAL ESTATE, HOSKOTE INDUSTRIAL AREA, BANGALORE-562114 Bangalore Bangalore 562114",Bangalore Rural,Karnataka,1980.0
501676,COSMOS RECYCLING PRIVATE LIMITED,,Authorizati on,"MULLANPUR ROAD, LHS, OPPOSITE DASHMESH DHARAM KANDA VPO HAMBRAN, LUDHIANA LUDHIANA 141110",Ludhiana,Punjab,9900.0
114,Cynosure Recycling Private Limited,,Authorizati on,"Khasra No. 64, Village Peeplikhera, Pargana Sarawa, Meerut, Uttar Pradesh, 250002 Meerut 250002",Meerut,Uttar Pradesh,9000.0
1726844,Cynosure Recycling Private Limited- Unit II(HYD,,Authorizati on,"Survey No 3/LU/1,3/RU,3/LU,303/AA, Hari OM Pipes Road Kethireddypally Village Grampanchayat,Balanagar Mandal, Mahabubnagar Hyderabad 509202",Mahabub Nagar,Telangana,21500.0
3993761,Cynosure Recycling Private Limited(Unit III,,Authorizati on,"S.F No. Plot No.A1/2B(S.F. Nos 1pt, 2/1pt, 2,174/1Apt,1Cpt,1D,1E,1F,2pt SIPCOT Industrial Park (Phas- II),Cheyyar,Kunnavakkam Village,Cheyyar Taluk Chennai 606601",Tiruvannamalai,Tamil Nadu,63708.0
14718,DESHWAL WASTE MANAGEMENT PVT LTD,,Authorizati on,PLOT NO 15 SECTOR 5 IMT MANESAR GURGAON GURUGRAM HARYANA 122052 PLOT NO 15 SECTOR 5 IMT MANESAR GURGAON GURUGRAM HARYANA 122052 GURGAON GURUGRAM 122052,Gurgaon,Haryana,6800.0
3242933,DK E-waste Recycling Private limited,,Authorizati on,"PLOT 475/3 BILOSHI VADA ROAD ZILA PARISHAD SCHOOL,BILAWALI VADA BILOSHI PALGHAR 421312",Palghar,Maharashtra,25000.0
4992052,DREAM WASTE SOLUTIONS PRIVATE LIMITED,,Authorizati on,"KHASRA NO 575 VILLAGE- PANWARI TEHSIL- SARDHANA, MEERUT 250342",Meerut,Uttar Pradesh,11880.0
5234,DUSTMAN WASTE MANAGEMENT & RECYCLING PVT,,Authorizati on,"No 176/1, MAMBAKKAM VILLAGE, SRIPERUMBUDUR TALUK, KANCHIPURAM DISTRICT 602106",Kanchipuram,Tamil Nadu,360.0
2814474,E2E RECYCLING BUSINESS PRIVATE LIMITED,,Authorizati on,"PLOT NO 281,2ND PHASE, VASANTHANARASAPURA INDUSTRIAL AREA VASANTHANARASAPURA , KORATAGERE, TUMAKURU TUMAKURU 572129",Tumkur,Karnataka,720.0
9679,Eali Recyclers,,Authorizati on,"Near Pirana Gate, Survey No 730 Old Survey No 225 Plot No 3, Giriraj Industrial Park 2, Ode-Paldi Kankaj Road, Tal Daskroi, Paldi Kankaj, Ahmedabad, Gujarat, 382210 AHMEDABAD 382210",Ahmedabad,Gujarat,730.0
12536,EARTH CARE E-WASTE PRIVATE LIMITED,,Authorizati on,"15,Sy.No.37,1st Phase, Kengeri Hobali, Kumbalgudu Industrial Area Bengaluru 15,Sy.No.37,1st Phase, Kengeri Hobali, Kumbalgudu Industrial Area Bengaluru Bangalore 560074",Bangalore,Karnataka,360.0
7647,Earth Sense Recycle Private Limited,,Authorizati on,"Printech Park Cluster 1st Phase, Plot No A17, Kanakapura Taluk, KIADB Industrial Area Harohally Village Han KIADB Industrial Area, Harohalli, Ramanagara, Karnataka, 562112 Bangalore 562112",Bangalore Rural,Karnataka,1200.0
112,Earth Sense Recycle Private Limited,,Authorizati on,"Plot No:37, TSIIC Industrial Park, Mankal, Maheshwaram (M), Rangareddy District Hyderabad 501359",K.V.Rangareddy,Telangana,43800.0
1744215,EARTH SENSE RECYCLE PRIVATE LIMITED,,Authorizati on,"Survey No. 247,Kanttankulathur Panchayat, Thenmelpakkam Village,Singaperumal Kovil Kanchipuram,Tamil Nadu, 603204 Chengalpattu 603204",Kanchipuram,Tamil Nadu,20000.0
8019,EARTHZONE RECYCLING PRIVATE LIMITED,,Authorizati on,"Khasra no - 788,790B, Hapur Road ALLIPUR JIMJMANA, MEERUT MEERUT 245206",Meerut,Uttar Pradesh,12624.0
3657519,EATMOS RECYCLING PRIVATE LIMITED,,Authorizati on,"KHASRA NO.-1179K, VILL- NANHEDA ANANTPUR, PARGANA BHAGWANPUR TEHSIL-ROORKEE ROORKEE 247667",Haridwar,Uttarakhand,120000.0
6755,E Box Recyclers,,Authorizati on,Shed No B-3 KSSIDC Industrial Area Veerasandra 2nd Stage Huskur Road Electronic City Bangalore 560100,Bangalore,Karnataka,1080.0
1870571,Eco Age Recycling,,Authorizati on,"Dag No. 263, 267, 268/1208 J.L. No- 63, Mouza- Sonepur PS- Kashipur, Dist-24- Prgs(South) 700135",Kolkata,West Bengal,180.456
231,Eco Fly Ewaste Recycling Pvt. Ltd,,Authorizati on,"Khasra No-26 -Village -Pipli Khera, Bhamanpura Road, Phaphunda, Uttar Pradesh Merrut 250002",Meerut,Uttar Pradesh,16500.0
8911,Eco Friend Industries,,Authorizati on,"A205 TTC MIDC Thane Belapur Rd., Pawane Navi Mumbai 400710",Thane,Maharashtra,1000.0
14014,ECO GLOBE E WASTE RECYCLERS,,Authorizati on,"Ground floor No-87, 2nd phase2nd sector Bidadi Industrial Area Ramanagara Ground floor No-87, 2nd phase2nd sector Bidadi Industrial Area Ramanagara Ramanagar 562109",Ramanagar,Karnataka,900.0
5037783,Eco Green Recyclers Limited,,Authorizati on,KHASHRA NO - 109 NAMOLI KNOWLEGE PARK 3 GREATER NOIDA 201306,Gautam Buddha Nagar,Uttar Pradesh,26000.0
3241375,ECO GREEN RECYCLERS PRIVATE LIMITED,,Authorizati on,khasra no 479 village habibpur Greater Noida Greater Noida 201306,Gautam Buddha Nagar,Uttar Pradesh,9570.0
5486,ECO GREEN RECYCLING PRIVATE LIMITED,,Authorizati on,"Khasra No.193/1, 199/1 and 199/2,, Noorpur Bangar Bajna, Tehsil Maant, Mathura, Uttar Pradesh, 281201 Noorpur Bangar Bajna, Tehsil Maant Mathura 281201",Mathura,Uttar Pradesh,15000.0
17166,Ecolayer E Waste Recycling,,Authorizati on,"GALA NO 2 OPP. MATHURA HOTEL VILLAGE POMAN, VASAI PALGHAR, POMAN,PALGHAR VASAI 401208",Mumbai,Maharashtra,2000.0
118,ECOLI WASTE MANAGEMENT PVT LTD,,Authorizati on,"Plot No. 87 to 92, Sabar Industrial Park Pvt Ltd Vill: Asal, Tal: Bhiloda, Dist: Arvalli BHILODA 383355",Sabarkantha,Gujarat,7227.0
198,ECO RECYCLING LIMITED,,Authorizati on,"Eco House, S No 22, H No 6 and 7, Near Top Glass Enclave, Bhoidapada Near Range Office, Sativali Road, Vasai East, Dist Palghar Vasai 401208",Thane,Maharashtra,7200.0
21320,Eco Recycling Limited Plant 2,,Authorizati on,"Eco Recycling Limited, Bldg No. 1, Plot No. 5 S. No. 30B, Village Gokhiware, Vasai (E), Tal. Vasai, Dist. Palghar - 401208 Mumbai 401208",Mumbai,Maharashtra,18000.0
3572025,ECORELIFE WASTE SOLUTIONS PRIVATE LIMITED,,Authorizati on,KHASRA NO 602 HAPUR ROAD NEAR KITHORE UNDER PASSES TIYALA 245101,Hapur,Uttar Pradesh,15840.0
182,ECO RESET PRIVATE LIMITED,,Authorizati on,"Plot No.-19/1, Village-Bhowari, Tal.-Kamptee, District-Nagpur nagpur 441001",Nagpur,Maharashtra,10200.0
168,Eco Saviour E Waste Management Pvt. Ltd.,,Authorizati on,C-351 352 API Industrial Park Tauru Bilaspur Road Bilaspur 122413,Gurgaon,Haryana,2628.0
8972,ECOSTAR RECYCLING,,Authorizati on,GARIB NAWAZ ESTATE HISSA NO 2/A FACTORY NO 642 SURVEY NO 8 TALOJA MIDC ROAD DAHISAR WAKLAN ROAD DHISAR MORI THANE 400612,Thane,Maharashtra,275.0
3999746,ECO TECH RECYCLING,,Authorizati on,"Plot No.434/1, 434/7, 437 Khodade Ground, Dinkarpada, Khodade, Tal. Wada, Dist. Palghar Palghar 421312",Palghar,Maharashtra,45000.0
8018,ECOTIME INDUSTRIES,,Authorizati on,"Plot No 98 and 99 Sparkle Industrial Estate Vill-Chokhad, Tal-Jalalpore navsari 396436",Navsari,Gujarat,144.0
14372,ECO TREND RECYCLERS,,Authorizati on,No 81/a and 82/a Khata no 5/2 and 5/3 Kachohalli Village and Industrial Estate lakshmipur post Dasanapura hobli BENGALURU 562162,Bangalore Rural,Karnataka,300.0
1,ECOTRONIX RECYCLING PRIVATE LIMITED,,Authorizati on,"Plot No. H-53, H-54, Ext-1, UPSIDC Kotwan, Kosi Kalan, Mathura, Uttar Pradesh – 281403 MATHURA 281403",Mathura,Uttar Pradesh,24000.0
8160,Ecoverva E waste Recycling Private Limit,,Authorizati on,M/s Ecoverva Ewaste Recycling Pvt Ltd C-356 Ansal Pioneer Industrial Park Pahreri Gurugram 122413,Gurgaon,Haryana,12600.0
242,Ecoverva E- Waste Recycling Private Limited,,Authorizati on,"Plot No. B-124, Pioneer Industrial Park Pathredi,Manesar, Bilaspur Kalan Gurugram 122413",Gurgaon,Haryana,7055.3
7748,Ecoverva Ewaste Recycling Pvt Ltd,,Authorizati on,"ECOVERVA E WASTE RECYCLING PRIVATE LIMITED Rectangle No 25, 26, Khata No 439/468, Killa No 1/2, 2/2, 3/2,4/2,5/2, Delhi Jaipur Expressway, Shaheed Amar Singh Public School, Rathiwas ,Manesar Gurgaon 122413",Gurgaon,Haryana,63000.0
570587,ECO VITA RECYCLING LLP,,Authorizati on,"KH NO.112M ETC,KARNAL ROAD BUDHANA, SARAI LOI SARAI, BUDHANA MUZAFFARNAGAR 251309",Muzaffarnagar,Uttar Pradesh,8640.0
1714497,ECO WORKS MANAGEMENT Pvt Ltd,,Authorizati on,"KHASRA NO. 661,662, MOUZA NANOWAL, PO- KHERA, TEHSHIL- NALAGARH, MOUZA NANOWAL SOLAN 174101",Solan,Himachal Pradesh,540.0
13985,E CYCLE SOLUTIONS PRIVATE LIMITED,,Authorizati on,"Ward D, Block No.0015, Town Survey No.8, Plot No.48B (N.P),Pattravakkam village Ambattur Industrial Estate Chennai 600098",Tiruvallur,Tamil Nadu,2578.52
9008,EDHINI RECYCLING PRIVATE LIMITED,,Authorizati on,"Khasra No-607 M, Village Achronda, Partapur, Meerut, MEERUT 250001",Meerut,Uttar Pradesh,1143.2
510354,E-FRIENDLY WASTE RECYCLERS,,Authorizati on,"NO-17, 1ST CROSS, AZEEZ SAIT INDUSTRIAL TOWN, NAYANDAHALLI BENGALURU 560039",Bangalore,Karnataka,300.0
197,E-FRONTLINE RECYCLING PVT LTD,,Authorizati on,C-1/B-905/9 Panoli GIDC Ankleshwar 394116,Bharuch,Gujarat,2700.0
31,EGNUS EWASTE SOLUTIONS PRIVATE LIMITED,,Authorizati on,"PLOT NO. / SURVAY NO. 31 VILLAGE - MOTWAN ,TA - ANKLESHWAR ANKLESHWAR 393020",Bharuch,Gujarat,30000.0
1353592,Egreen Dust,,Authorizati on,KHASRA NO 31/20/2 & 21 Village Goyala Taoru 122105,Mewat,Haryana,5000.0
9111,E HASIRU,,Authorizati on,NO 168 B 7TH MAIN ROAD 3RD PHASE PEENYA INDUSTRIAL AREA BANGALORE 560058,Bangalore,Karnataka,720.0
3484481,E INCARNATION RECYCLING PVT LTD,,Authorizati on,"PLOT NO,C-98,MIDC MALEGAON TAL. SINNAR NASHIK 422103",Nashik,Maharashtra,1000.0
8851,E INCARNATION RECYCLING PVT LTD,,Authorizati on,"Ground Floor, J-56 MIDC Area, Boisar Palghar Road, Opp. Salco Extrusion, Tarapur MIDC, Boisar, Palghar Palghar 401506",Thane,Maharashtra,950.0
5640,Electro Alloys Recycling & Transformation Hub,,Authorizati on,"Plot no. 301/13, GIDC Palej, Palej 392220",Bharuch,Gujarat,780.0
7559,ELECTROFINE RECYCLING PRIVATE LIMITED,,Authorizati on,GUT NO 386 VILLAGE SHINDI KHURD TAL MAAN DIST SATARA SATARA 415508,Satara,Maharashtra,17500.0
8318,ELECTRONIC WASTE INDIA,,Authorizati on,"CHHUTMALPUR, VILL KHUJNAWAR, KALASIA ROAD, SAHARANPUR, Saharanpur, Uttar Pradesh, 247001 SAHARANPUR 247001",Saharanpur,Uttar Pradesh,9000.0
7345,Electro Waste Solutions,,Authorizati on,Plot No 631 GIDC Halol Halol 389350,Panch Mahals,Gujarat,480.0
63192,ELGREEN METEX PRIVATE LIMITED,,Authorizati on,"C-11, Site-4, Kasna Industrial Area, greater Noida Uttar Pradesh 201306 ,GAUTAM BUDDHA NAGAR,201306 C- 11, Site-4, Kasna Industrial Area, greater Noida Uttar Pradesh 201306 ,GAUTAM BUDDHA NAGAR,201306 Greater Noida 201306",Gautam Buddha Nagar,Uttar Pradesh,3060.0
6684,ELIFECYCLE MANAGEMENT PVT LTD,,Authorizati on,"Sy No 468, 470, 471 and 472, Theegapur Village, Kothur Rangreddy District HYDERABAD 509228",Hyderabad,Telangana,17820.0
5036831,ELWARECO PRIVATE LIMITED,,Authorizati on,"SN NO 95/96/102/103/104/105 Idar Valasana Road, Jashvantgadh Bus stop Jashvantgadh 383230",Sabarkantha,Gujarat,50000.0
5081,Elxion Private Limited,,Authorizati on,Elxion Recycling Property No 157/133/2 Sy No 210/7 Gabbadi Village Kanakapura Road Harohalli Industrial Area Ramanagara Harohalli 562112,Ramanagar,Karnataka,720.0
7675,ENDEAVOR RECYCLERS INDIA PRIVATE LIMITED,,Authorizati on,"71//14/2/2, 71//15/1, Village- Hassangarh Tehsil- Sampla, District- Rohtak, Haryana- 124404 ROHTAK ROHTAK 124501",Rohtak,Haryana,28350.0
6575,Enviro Green Recycling,,Authorizati on,Plot No 736-737 Village Tarsadi Surat 394120,Surat,Gujarat,12775.0
284,EnviroKare Recycling Solutions Pvt. Limited,,Authorizati on,"Sy. No.402, Raikal (V) Farooqnagar (M) Rangareddy 509202",K.V.Rangareddy,Telangana,2549.0
58659,ENVITECH RECYCLING PRIVATE LIMITED,,Authorizati on,"KHASRA NO 775, INDUSTRIAL AREA, HAPUR ROAD ALLIPUR JIJMANA MEERUT UTTAR PRADESH 245206 MEERUT 245206",Meerut,Uttar Pradesh,8640.0
129,Epragathi Recycling,,Authorizati on,"66,Plot no 66, Shed C &amp; D , Road No 18 Antharasanahally II Phase Ind Area, Antharasanahalli, Tumkur 572106",Tumkur,Karnataka,1500.0
123,E-pragathi Recycling Pvt Ltd,,Authorizati on,"Plot No. 564, Survey No. 55,52, II Phase Industrial Area, Yalladadalu Hobli, Kora, Vasanthanarasapura, Tumkur 572138 Tumkur 572138",Tumkur,Karnataka,3240.0
268,EPSILON CIRCULAR INFRASTRUCT URE PRIVATE LIMITED,,Authorizati on,"Khata No-00195, Khasara No- 1801/1 Rataul Khekada 250101",Bagpat,Uttar Pradesh,7200.0
7224,ER3 SOLUTIONS PRIVATE LIMITED,,Authorizati on,"Plot No 105, Road No 3, KIADB Bengaluru IT Park, Mahadevakodigehalli, Bengaluru, Bengaluru Urban, Karnataka, 562149 Bengaluru 562149",Bangalore,Karnataka,360.0
8849,E SCRAPPY RECYCLERS,,Authorizati on,106 Andharahalli Main Road Byraveshwara Industrial estate near shushruthi bank Peenya 2nd stage Bengaluru 560091,Bangalore,Karnataka,360.0
64004,E SURVIVAL RECYCLING PRIVATE LIMITED,,Authorizati on,"195/1C Chincholikati, NH465 Chincholikati Mohol Solapur 413213",Solapur,Maharashtra,33000.0
7987,ETCO EWASTE RECYCLER PRIVATE LIMITED,,Authorizati on,"SB-22-23, SHILP BARI, ROAD NO. 14, VKI AREA, jaipur 302013",Jaipur,Rajasthan,1446.0
7678,E TECH E WASTE RECYCLING,,Authorizati on,"SY NO.1096 NANDIGAMA, Nandigam Hyderabad 509228",K.V.Rangareddy,Telangana,19800.0
2873460,E TREE TECHNOLOGIE S,,Authorizati on,"PLOT NO. S-65/1, E-City, Raviryala Village, Maheshwaram (Mdl) RANGA REDDY DISTRICT HYDERABAD 501359",K.V.Rangareddy,Telangana,595.0
162,evergreen e- waste management private ltd,,Authorizati on,"plot no 30 kamla amrut industrial park , Ph-2, Budasan Kadi 382715",Mahesana,Gujarat,4555.0
8645,EVER GREEN E-WASTE RECYCLING MANAGEMENT,,Authorizati on,"C/o Hasmat Ali, Rampur Mathura, Mahmudabad Sitapur 261204",Sitapur,Uttar Pradesh,14400.0
297,Evergreen Recyclekaro India Private Limited,,Authorizati on,"GROUND FLOOR, UNIT NO- 8, BUILDING NO 5, SECTOR 3 MILLENIUM BUSINESS PARK, MAHAPE NAVI MUMBAI, Thane, Maharashtra Navi Mumbai 400701",Thane,Maharashtra,7500.0
8158,E WARDD and CO,,Authorizati on,"NO.11, MUTHACHARI INDUSTRIAL AREA, NAYANDANAHALLI CHANDRALAYOUT, Bangalore Karnataka, 560039 Bangalore 560039",Bangalore,Karnataka,300.0
134,E-Waste Recyclers India,,Authorizati on,"INDUSTRIAL SHED NO. 15, , ROZKA MEO INDUSTRIAL AREA, NUH, Mewat, Haryana, 122103 NUH, Mewat 122103",Mewat,Haryana,810.0
5415,E-Waste Recyclers India,,Authorizati on,"Khasra No. 266, 110 K. M. Mile Stone, Delhi-Agra Highway NH-2, Tehsil-Chhata, DisttMathura,MATHURA,2814 03 Mathura 281403",Mathura,Uttar Pradesh,5280.0
273,E-Waste Recyclers India (Unit 3),,Authorizati on,"E-50 UPSIDC INDUSTRIAL AREA KOSI KOTWAN, KOSI, MATHURA UTTAR PRADESH 281403 MATHURA 281403",Mathura,Uttar Pradesh,2880.0
68,E WASTE SOLUTIONS,,Authorizati on,"KHASRA NO 8//16, 17/1, 25/1, VILLAGE KHASRUPUR Kusli pur PALWAL 121101",Palwal,Haryana,1825.0
3294263,E WASTE WARRIORS PRIVATE LIMITED,,Authorizati on,"katauni no.302 khasra no.14 , khewat no.277 VILLAGE Untlodha near Behind Neuvo Polymer JHAJJAR 124103",Jhajjar,Haryana,23100.0
7474,Exigo Recycling Private Limited,,Authorizati on,"Barsat Road, Village Barsat, Near Victor School Karnal Karnal 132001",Karnal,Haryana,51000.0
149,EXIGO RECYCLING PVT LTD,,Authorizati on,Opposite Kirpal Ashram Main Barsat Road PANIPAT 132103,Panipat,Haryana,18000.0
260,Ezwaste Recycling,,Authorizati on,"KHASRA NO.38, VILLAGE SARDHAN, BUDHANA ROAD,, KHATAULI, Muzaffarnagar 251201",Muzaffarnagar,Uttar Pradesh,3000.0
2909888,FINETECH RECYCLING PRIVATE LIMITED,,Authorizati on,"KHATONI NO. 335, KILA NO. 303, BHATHGAON DUGRAN, SONIPAT SONIPAT 131001",Sonipat,Haryana,600.0
2795352,FLORUS RECYCLING PRIVATE LIMITED,,Authorizati on,"GAT NO 30 , RAM NAGAR ROAD NEAR POWER HOUSE PUNE 412216",Pune,Maharashtra,14499.0
5038035,FOCUS EWASTE CYCLE LLP,,Authorizati on,"Mustil & Killa No. 53, 8/2/2, 8/3/2, 13/1, 8/4/2, 14/1 Jhundpur, Sonipat Sonipat 131021",Sonipat,Haryana,49000.0
28558,Foxx Compliance Services Private Limited,,Authorizati on,E-1 Tajopur Industrial Area Mau Mau 275101,Mau,Uttar Pradesh,1314.0
208,GALAXY RECYCLING,,Authorizati on,"plot no. 52&amp; 53, kishan ind. area Vill. Bharudi, Tal: Gondal Rajkot 360311",Rajkot,Gujarat,521.0
262,ganpati scraps,,Authorizati on,"112 E,VISHKARMA,MANSARAVA R,BAGHPAT ROAD VILL.PANCHLI 112 E,VISHKARMA,MANSARAVA R,BAGHPAT ROAD VILL.PANCHLI MEERUT 250002",Meerut,Uttar Pradesh,300.0
7925,Gauvins Green Management Private Limited,,Authorizati on,"Har Singh Pura Bus Stop, KHEWAT NO 266 RUGS CREATION, MAIN ALIPUR ROAD, TEHSIL GHARAUNDA, HAR SINGH PURA Karnal 132114",Karnal,Haryana,28050.0
49351,GLACIER ENVIRO INDIA PVT LTD,,Authorizati on,KHASRA NO 322 VILL TOPRI GHUNNA PARGANA TEHSIL SAHARANPUR 247120,Saharanpur,Uttar Pradesh,6000.0
20554,GLOBAL COPPER PVT LTD,,Authorizati on,"Block no. 56P, Survey No 65- 66 Village Garadiya, Jarod- Samlaya Road, Taluka Savli Vadodara 391520",Vadodara,Gujarat,410.0
52,Global E- Recycling Private Limited,,Authorizati on,"Plot No. 1, Gala No. 2, Plot No. 2, Gala No. 3 Chaudhari Industrial Estate, Wakanpada, Dhaniv Vasai Virar 401208",Thane,Maharashtra,400.0
292,GLOBAL INTERNATIONA L,,Authorizati on,VILLAGE & P.O LAKSHMANPUR P.S DOMJUR Howrah 711114,Howrah,West Bengal,858.0
12758,GLOBAL TECH RECYCLERS,,Authorizati on,"Beside Industrial Area,#8/5 2nd Building,1st cross, Kachohalli and Machohalli Main road, Dasanupura Hobali, Lakshmi Post Bangalore Beside Industrial Area,#8/5 2nd Building,1st cross, Kachohalli and Machohalli Main road, Dasanupura Hobali, Lakshmi Post Bangalore Bangalore 562162",Bangalore,Karnataka,300.0
158,Global Waste Solution,,Authorizati on,"Khasra No. 71/22/2, 23/2/1, 74//3/2/1 Village Ram Nagar Tehsil Ganaur 131001",Sonipat,Haryana,9490.0
157,Global Waste Solution Unit-II,,Authorizati on,"Kila No. 45//19/1/1/3, 19/1/1/4, 20/2/1, 20/2/2 Village Dhaturi 131039",Sonipat,Haryana,8504.5
9143,Globe EWaste Management,,Authorizati on,"Survey or Block No 539 Paiky 1, Nani Vavdi Road Moje, Gariadhar, Bhavnagar Gariadhar 364505",Bhavnagar,Gujarat,6130.0
219,GL RECYCLING LLP,,Authorizati on,"SURVEY NO 108, VILLAGE SOLIYA, Rajkot 360030",Rajkot,Gujarat,25800.0
247,GO Green Managment LLP,,Authorizati on,"G1-612N kHUSHKHERA, RIICO Industrial Area Bhiwadi RIICO INDUSTRIAL AREA KHUSHKHERA Khuskhera Bhiwadi 301707",Alwar,Rajasthan,637.0
1358473,GO GREEN RECYCLING,,Authorizati on,"Unit No. 75/66, HASTI INDUSTRIAL ESTATE, TTC INDUSTRIAL AREA, MAHAPE NAVI MUMBAI MAHAPE 400701",Thane,Maharashtra,400.0
8791,GOLDEN GREEN RECYCLERS,,Authorizati on,G1-11 SKS INDUSTRIAL AREA RINGUS SIKAR 332404,Sikar,Rajasthan,150.0
1596554,Grandeur Recycling Private Limited,,Authorizati on,"KILLA NO 28//21/2 , VILLAGE BARU SONIPAT SONIPAT 131022",Sonipat,Haryana,20125.0
1412342,GREENBAY ENTERPRISES,,Authorizati on,"SR NO - 144/1/2/2B, MILKAT NO 4149, GANESH NAGAR, KATRAJ SASWAD ROAD, MANTARWADI CHOWK FURSUNGI FURSUNGI,PUNE MAHARASHTRA , 412308 PUNE 412308",Pune,Maharashtra,133.0
3509348,Green Bird Recycling,,Authorizati on,"223, Hadbast village mangarh Machhiwara Road, Kohara, Ludhiana, Punjab Ludhiana 141001",Ludhiana,Punjab,2920.0
973117,Green Care E Waste Recycling,,Authorizati on,"Unit No. 9, Ground Floor, Building 63/KS-1 Village Pogaon, Tal. Bhiwandi, Dist. Thane Bhiwandi 421302",Thane,Maharashtra,1500.0
111,Green Clean Recyclers LLP,,Authorizati on,"Near Railway Crossing, KHASRA NO. 0687, HISALI ROAD DUHAI INDUSTRIAL AREA, HISALI ROAD MURADNAGAR GHAZIABAD 201206",Ghaziabad,Uttar Pradesh,9000.0
6367,GREENCUBE RECYCLING PRIVATE LIMITED,,Authorizati on,"EKTA TOWER, SHOP No.6/FF, VASNA BERAGE ROAD, AHMEDABAD 380007",Ahmedabad,Gujarat,11000.0
3452489,Greenecolink Private Limited,,Authorizati on,"Plot No-1881-P, Unnamed Road, MIE, Part-B, Bahadurgarh, Jhajjar, HR 124507 Plot No-1881-P, Unnamed Road, MIE, Part-B, Bahadurgh, Jhajjar, HR 124507 Bahadurgarh 124507",Jhajjar,Haryana,2190.0
144,GREEN ENVIRO E WASTE RECYCLING,,Authorizati on,"Sy. No. 729, Pochampally (v), B. Pochampally (M) Yadadri Bhuvangiri Dist. pochampally 508284",Nalgonda,Telangana,30000.0
880747,Green Era Recyclers,,Authorizati on,"SF.No 91/1B, D.No 4/221, Seerapalayam, Bodipalayam Madukarai Taluk, Coimbatore, Tamil nadu-641105 Coimbatore 641105",Coimbatore,Tamil Nadu,6000.0
5037183,GREENGUARD ENVIRO PRIVATE LIMITED,,Authorizati on,"Block No. 122 (Old Block No. 117 Dhamdod, Mangrol, Surat 394125 Mangrol 394125",Surat,Gujarat,23400.0
13756,GREENHOLICS RECYCLERS PRIVATE LIMITED,,Authorizati on,KH NO 1192 KHATA NO 00100 MAUJA RATAUL KHEKRA RATAUL KHEKRA RATAUL KHEKRA 250101,Bagpat,Uttar Pradesh,3150.0
2627065,GREENIFY WASTE SOLUTIONS PRIVATE LIMITED,,Authorizati on,"KHASRA NO 138, GARHMUKTEHWAR, LINK ROAD PALWARA GARHMUKTESHWAR, HAPUR, UTTAR PRADESH 245205 GARHMUKTESHWAR 245205",Hapur,Uttar Pradesh,10000.0
150,Green India E- Waste and Recycling OPC Pvt Ltd,,Authorizati on,"Survey No. 7, Hissa No. 1/B Post Dahisar Thane 400612",Thane,Maharashtra,2500.0
3558125,Green India E- Waste Recycling,,Authorizati on,"Khasra No.-03 Hapur Road, Vlg- Ruknuddin Urf Phaphunda, Meerut Meerut 245203",Meerut,Uttar Pradesh,1440.0
1718109,GREEN INDIA RECYCLERS,,Authorizati on,"26/1B PART, SOOLAKAL VILLAGE, KOVILPALAYAM ROAD KINATHUKADAVU TALUK COIMBATORE 642110",Coimbatore,Tamil Nadu,5500.0
3289155,Green india recycling,,Authorizati on,KHASRA NO 59 & 60 HAPUR ROAD ALLIPUR JIJMANA MEERUT UTTAR PRADESH KHASRA NO 59 & 60 HAPUR ROAD ALLIPUR MEERUT UTTAR PRADESH HAPUR 250004,Meerut,Uttar Pradesh,9570.0
8913,Green IT Recycling Centre Pvt Ltd,,Authorizati on,D222 MIDC Ranjangaon Near Dhananjay Metal Ranjangaon 412209,Pune,Maharashtra,115.0
9338,Green Life E waste Recycling Pvt Ltd,,Authorizati on,Plot NO 11 G No 40 Karodi Aurangabad Aurangabad 431136,Aurangabad,Maharashtra,660.0
9784,GREENLINK RECYCLERS PRIVATE LIMITED,,Authorizati on,KHASRA NO 1641 DASNA KHUSILYA ROAD TEHSIL- GHAZIABAD GHAZIABAD 201001,Ghaziabad,Uttar Pradesh,6000.0
2625227,GREEN NEXUS RECYCLERS PRIVATE LIMITED,,Authorizati on,"PLOT NO E-69,E-70 INDUSTRIAL AREA KOSI KOTWAN -1A MATHURA 281403",Mathura,Uttar Pradesh,12000.0
4671475,GREENNIRMAN RECYCLING PRIVATE LIMITED,,Authorizati on,GAT NO. 290/3 & 296 KONDHALE VILLAGE WADA 421312,Palghar,Maharashtra,12000.0
87576,GREEN PLANET EWASTE RECYCLERS PRIVATE,,Authorizati on,"Khasra No. 950 ME and 951 ME, Village- Kilhora, Jalalabad Tehsil Modi Nagar Kilhauda 245304",Ghaziabad,Uttar Pradesh,3780.0
8823,GREEN ROOTS WASTE MANAGEMENT PVT LTD,,Authorizati on,"Khasra No. 6, Gajraula Dhyan Singh, Tehsil, Kanth,MORADABAD,244501 MORADABAD , UP MORADABAD 244501",Moradabad,Uttar Pradesh,6120.0
2907215,Greenscape Eco Management Pvt Ltd,,Authorizati on,PLOT NO 203 & 203A MATSYA INDUSTRIAL AREA ALWAR ALWAR 301030,Alwar,Rajasthan,68494.0
133,Greenscape Eco Management Pvt Ltd,,Authorizati on,"F-588 to F-591 MIA , Alwar Alwar 301030",Alwar,Rajasthan,48015.0
2401212,GREENSENSE WASTE RECYCLING MANAGEMENT PRIVATE LIMITED,,Authorizati on,"KHASRA NO.3, NEAR GULSHAN FACTORY, VILL- NAIRANA, MUZAFFARNAGAR, U.P- 251203 MUZAFFARNAGAR 251203",Muzaffarnagar,Uttar Pradesh,10800.0
3818354,GREEN SPARK E-WASTE SOLUTIONS LLP,,Authorizati on,"J-147 SURAJPUR SITE 5, GREATER NOIDA, GAUTAM BUDDHA NAGAR, 201306 J- 147, SURAJPUR SITE 5, GREATER NOIDA, GAUTAM BUDDHA NAGAR, 201306 GREATER NOIDA 201306",Gautam Buddha Nagar,Uttar Pradesh,438.0
6129,Greens Recology Company,,Authorizati on,"GROUND FLOOR, PLOT NO 415 SY NO 3/14, KIADB, VASANTHANARASAPURA INDUSTRIAL AREA, YALADADLU VILLAGE KORA HOBLI, Tumakuru (Tumkur) Tumakuru 572138",Tumkur,Karnataka,300.0
8680,GREEN TECH RECYCLING,,Authorizati on,KHASRA NO 645 ACCHRAUNDA BAHADURPUR ROAD PARTAPUR INDUSTRIAL AREA MEERUT MEERUT 250103,Meerut,Uttar Pradesh,9000.0
263,GREENTEK REMAN PRIVATE LIMITED,,Authorizati on,"B2/12, Site B Industrial Area, Surajpur Greater Noida 201306",Gautam Buddha Nagar,Uttar Pradesh,5760.0
9717,GREEN VALLEY EWASTE MANAGEMENT PRIVATE LIMITED,,Authorizati on,"Gut No. 525/10 Village Ghonsai , Saza-Met,Tal. Wada, Dist. Palghar Ghonsai , Saza-MetTal 421312",Thane,Maharashtra,596.0
1100731,GREEN VALLEY RECYCLING PRIVATE LIMITED,,Authorizati on,"KHASRA NO-371 AND 372 INDUSTRIAL AREA BEGRAJPUR, HUSAINPUR BOPARA MUZAFFARNAGAR MUZAFFARNAGAR 251201",Muzaffarnagar,Uttar Pradesh,10500.0
45652,GREEN VISION RECYCLERS PRIVATE LIMITED,,Authorizati on,KHASRA NO - 114 VILLAGE CHANDHERI TEHSIL BUDHANA DISTT MUZAFFARNAGAR UTTAR PRADESH MUZAFFARNAGAR 251309,Muzaffarnagar,Uttar Pradesh,3600.0
6122,GREEN VORTEX WASTE MANAGEMENT PRIVATE LIMITED,,Authorizati on,Plot No. 331 Udyog Vihar Phase 6 Gurugram 122004,Gurgaon,Haryana,1200.0
190,GREEN WAVE E WASTE RECYCLING,,Authorizati on,"SY. No. 1880 E, 1880EE, Nandigama Village, Ranga reddy District, Telangana- 509216 RANGA REDDY 509216",K.V.Rangareddy,Telangana,30816.0
6339,GREEN WORLD RECYCLERS,,Authorizati on,DP No S 105 S 106 SIDCO Industrial Estate Kakkalur 602003,Tiruvallur,Tamil Nadu,396.0
104,GREENZON RECYCLING PVT LTD,,Authorizati on,"R-30, UPSIDC, Industrial Area, Sikandrabad, Sikandrabad, Bulandshahar, Uttar Pradesh-203205. 203205",Bulandshahr,Uttar Pradesh,6000.0
184,GRKMS PVT LTD,,Authorizati on,"GROUND FLOOR PLOT NO 74,29TH B CROSS,KIADB INDUSTRIAL AREA SOMPURA 1ST STAGE, BHARATHIPURA,DABASPET BANGALORE 562111",Bangalore Rural,Karnataka,4099.92
9395,Gujarat Green Recycling,,Authorizati on,PLOT NO MSME 500 SANAND-IIENGINEERING INDUSTRIAL ESTATE GIDC SANAN-II SANAND -382110 SANAND-IIENGINEERING INDUSTRIAL ESTATE GIDC SANAND 382110,Ahmedabad,Gujarat,375.0
3334006,HAK WASTE SOLUTIONS PRIVATE LIMITED,,Authorizati on,KHASRA NO 31 39 40 41 42 JIJMANA VILL ALLIPUR KHARKHODA MEERUT 245206,Meerut,Uttar Pradesh,11280.0
3250623,HANI WASTE RECYCLER LLP,,Authorizati on,KHASRA NO. 533 VILLAGE KINA NAGAR MEERUT 250000,Meerut,Uttar Pradesh,5040.0
9800,HASAN MALIK RECYCLING PRIVATE LIMITED,,Authorizati on,KHASRA NO 60 PARGANA SARAWA TEHSIL MEERUT PEEPLI KHERA MEERUT MEERUT 245206,Meerut,Uttar Pradesh,7200.0
171,HAYAT E- RECYCLERS PVT LTD,,Authorizati on,"PLOT NO. F-53-54, M.G. ROAD INDUSTRIAL AREA, HAPUR HAPUR HAPUR 245101",Hapur,Uttar Pradesh,7920.0
2889968,HCAS RESOURCES PRIVATE LIMITED,,Authorizati on,"Khasra No 63, 64, Hapur Road Industrial Area Peepli Khera Meerut 245206",Meerut,Uttar Pradesh,14400.0
155,Hind Recycling Pvt Ltd,,Authorizati on,"G-459,460 Upsidc Industrial Area MG Road Ghaziabad Ghaziabad 201015",Ghaziabad,Uttar Pradesh,960.0
258,HINDUSTHAN RECYCLING,,Authorizati on,At NH-314 Vill City Madhuban Po Chakata Ps Hura Dist Purulia Purulia 723130,Puruliya,West Bengal,6960.0
161,HIN GREEN E- WASTE RECYCLING PRIVATE LIMITED,,Authorizati on,"KHASRA No. 733, 737, Baral, Partapur, Delhi Road, Meerut- 250103, Uttar Pradesh MEERUT 250103",Meerut,Uttar Pradesh,13860.0
9248,HITECH ECO GREEN,,Authorizati on,Plot no 104 A Nelamangala Taluk Sompura Industrial Area 1st Stage Dobaspet Industrial Area Bangalore 562132,Bangalore Rural,Karnataka,720.0
193,Hi-Tech Recycling India Pvt Ltd,,Authorizati on,"Property No.193, Gat No.89, Jai Ganesh Warehousing, Pune Satara Road, Shindewadi Tal.Bhor Pune 412205",Pune,Maharashtra,1440.0
17380,HME WASTE MANAGEMENT,,Authorizati on,"PLOT NO. G1/226, RLLCO INDUSTRIAL AREA KAHARANI Bhiwadi 301019",Alwar,Rajasthan,33000.0
8712,HOME LAND ENVIRO ENGINEERS INDIA PVT LTD,,Authorizati on,183 INDUSTRIAL DEVOLOPMENT PARK PUTLLAM PALLI KADAPA 516004,Cuddapah,Andhra Pradesh,180.0
232,HORIZON RECYCLING PVT LTD,,Authorizati on,"35, Dehradun Road, Kumar Hera Saharanpur 247001",Saharanpur,Uttar Pradesh,12000.0
12710,IKON RECYCLERS,,Authorizati on,"Basement Floor No-5,2nd cross, 2nd main road, Pete Channappa industrial Estate,Kamakshipalya, Magadi main road, Bengaluru Basement Floor No-5,2nd cross, 2nd main road, Pete Channappa industrial Estate,Kamakshipalya, Magadi main road, Bengaluru Bangalore 560079",Bangalore,Karnataka,300.0
6240,Inclusive Recycling Foundation,,Authorizati on,"C-26, Meerut Rd Industrial Area, Meerut Road Industrial Area, Site III Ghaziabad 201003",Ghaziabad,Uttar Pradesh,3650.0
8944,INDIA BEST WAY RECYCLING,,Authorizati on,Ground 1st and 2nd Floor No 33 and 155 Kumbalagoodu village Kengeri Hobli Bangalore 560074,Bangalore,Karnataka,300.0
14733,INDIAN RECYCLER,,Authorizati on,"KHASRA NO. 338, VILLAGE WAJIDPUR KAVALI, JANSATH MUZAFFARNAGAR MUZAFFARNAGAR 251314",Muzaffarnagar,Uttar Pradesh,1800.0
181,Infinity Green E recycling Solutions,,Authorizati on,Plot No 347 M Udyog Kendra 2 Ecotech 3 201306,Gautam Buddha Nagar,Uttar Pradesh,7560.0
3520031,INSANIYAT RECYCLE GLOBAL LLP,,Authorizati on,"KHASRA NO. 953, VILLAGE KALLARPUR MUZAFFARNAGAR KALLARPUR ROAD MUZAFFARNAGAR 251202",Muzaffarnagar,Uttar Pradesh,18360.0
5036840,ISHAN E- WASTE RECYCLING PRIVATE LIMITED,,Authorizati on,"Behind Montu Ice Factory Block Survey No 646, Khata No 27 Vadnagarpura Road Chhatral 382729",Gandhi Nagar,Gujarat,20000.0
5068,JACSGREEN RECYCLING PRIVATE LIMITED,,Authorizati on,"A5/4, SIPCOT INDUSTRIAL COMPLEX MANGAL KOOT ROAD, CHEYYAR TALUK TIRUVANNAMALAI 631701",Tiruvannamalai,Tamil Nadu,600.0
6165,Jeenali Trading & Comm. Ser. Pvt. Ltd.,,Authorizati on,"Gut No. 68/1, Bhiwandi - Wada Road, Near US Pharma Khupari, Palghar, Maharashtra Khupari 421312",Thane,Maharashtra,20000.0
5736,J S Pigments Pvt Ltd,,Authorizati on,"Vill &amp; P.O-Jarura, P.S Polba, Delhi Road, Hooghly 712138",Hooghly,West Bengal,600.0
174,Justdispose Recycling Pvt.Ltd,,Authorizati on,"Survey No: 42/5,Kaddu industrial Estate, Near Jasraj Ind.Estate,Sativalli fata, Sativalli Vasai East Vasai East Dist: Palghar 401208",Thane,Maharashtra,1200.0
1482039,KA E-WASTE SOLUTION LLP,,Authorizati on,"PLOT NO F566, M G ROAD INDUSTRIAL AREA, UPSIDC DISTT HAPUR GHAZIABAD, UTTAR PRADESH, HAPUR, 201003 HAPUR 201003",Hapur,Uttar Pradesh,3744.0
3453387,KALEPATIL E- WASTE MANAGEMENT LLP,,Authorizati on,"Gat No.78, Jyotiba Nagar, Yamuna Nagar Talawade, Tal. Heveli, Dist. Pune Pune 411044",Pune,Maharashtra,1200.0
9392,KALPANA E RECYCLER,,Authorizati on,"PLOT NO 18-19, SURVEY NO 2486 MADHUBAN INDUSTRIAL PARK, VILLAGE KUHA, TALUKA DASKROI AHMEDABAD, AHMEDABAD GUJARAT-382433 AHMEDABAD 382433",Ahmedabad,Gujarat,3036.0
5713,Kamal Electronics Refurbishing Of E Waste Solutions,,Authorizati on,"Sy No:227/A1,227/Lu,227Luu,227 /A2,227/A3, 227/A1/A,227/A/2/1,238/2A1,2 38/2/AA,238/2/A, Atmakur Village Sadasivpet 502291",Medak,Telangana,21600.0
5037687,KARO RECYCLE PRIVATE LIMITED,,Authorizati on,"SY. NO; 548/RU1/02, NANDIGAMA (VILLAGE & GRAM PANCHAYAT NANDIGAMA (MANDAL KOTHRU 509228",K.V.Rangareddy,Telangana,20000.0
59392,Kerala Enviro Infrastructure Ltd,,Authorizati on,"CTSDF, INSIDE FACT COCHIN DIVISION CAMPUS AMBALAMEDU KOCHI 682303",Ernakulam,Kerala,300.0
3370707,K.G RECYCLERS,,Authorizati on,"KHATTA NO 71/74,75/78,76/79 BACKSIDE INDIAN OIL PUMP, SIDWAN CANAL ROAD, VILL DUGRI , TEHSIL PAYAL, NEAR DORAHA VILL DUGRI 141421",Ludhiana,Punjab,825.0
194,K.J. RECYCLERS,,Authorizati on,"C 38, SANJAY GANDHI NAGAR, INDUSTRIAL AREA JALANDHAR 144004",Jalandhar,Punjab,7000.0
9843,KOHINOOR E- WASTE RECYCLING PRIVATE LIMITED,,Authorizati on,"Gut No. 205/1, 205/2, Opp. Gurudatta Washing Center, Dheku, Tal. Khalapur, Dist. Raigad KHALAPUR 410203",Raigarh(MH),Maharashtra,3950.0
3087830,KRISHNA ECO E-WASTE RECYCLERS LLP,,Authorizati on,"KRISHNA ECO E WASTE RECYCLERS LLP KHASRA NO 2,3,4,7 GOTKA KHASRA NO 75,76,77,78 VILL-RITHALI ,TEHSIL SARDHANA, SHAMLI ROAD ,MEERUT MEERUT 250342",Meerut,Uttar Pradesh,23100.0
3376957,KULDEEP GREEN RECYCLERS PRIVATE LIMITED,,Authorizati on,"Survey No. 569-B, Unit-1/A, At Post Velu, Tal. Bhor, Dist. Pune VELU 412205",Pune,Maharashtra,16350.0
294,KWIKSTOP RECYCLING SOLUTIONS PVT LTD,,Authorizati on,"I-3,UPSIDC SIKANDRABAD INDUSTRIAL AREA SIKANDRABAD SIKANDRABAD 203206",Bulandshahr,Uttar Pradesh,2520.0
6223,LAXMINARAYA NA RECYCLERS LLP,,Authorizati on,PLOT NO 49 NAIK ENTERPRISES UNNAMED ROAD AGANAMPUDI VISAKHAPATNAM 530046,Visakhapatnam,Andhra Pradesh,180.0
8505,Liberty Recycling,,Authorizati on,Survey No 1439 Old Survey No 256/1/5 Near Balda Industrial Park Vill Balda Ta Pardi Di Valsad 396125 Balda 396125,Valsad,Gujarat,893.0
9359,LIMR RECYCLING PRIVATE LIMITED,,Authorizati on,PLOT NO G - 256 MASURI GULAWATI ROAD INDUSTRIAL AREA HAPUR HAPUR -245101 HAPUR 245101,Hapur,Uttar Pradesh,3600.0
8419,Lubrina Recycling Pvt Ltd,,Authorizati on,"Joychandipur PO Bakrahat PS Bishnupur Patherberia Gram Panchayat S-24, PARGANAS 743377",South 24 Parganas,West Bengal,1080.0
7536,MAHAARANA INDUSTRIES PRIVATE LIMITED,,Authorizati on,"Survey no. 466 AND 475, Village Timba TAL- DASKROI, DIST - AHMEDABAD AHMEDABAD 382425",Ahmedabad,Gujarat,16585.0
8612,MAHALAXMI METALLOYS INDIA PVTLTD,,Authorizati on,"PLOT NO 92, SIKEDA INDUSTRIAL AREA, SIKEDA ROAD, MODINAGAR, Ghaziabad, Uttar Pradesh, 201204 MODINAGAR MODINAGAR 201204",Ghaziabad,Uttar Pradesh,30000.0
755716,M A K Technology Industrial,,Authorizati on,"No.SP-5, Veersandra IE, phase II, 2nd cross Husukur main road, electronics city, bengaluru urban bengaluru 560100",Bangalore,Karnataka,300.0
202,Mangalam Ecs Environment Pvt Ltd,,Authorizati on,"Block No. 24, Paiki, Village- Vautha Taluka- Dholka Ahmedabad 382225",Ahmedabad,Gujarat,4999.0
5036435,MARBINS RECYCLING PRIVATE LIMITED,,Authorizati on,"KHASRA NO.564, 566, 567 AND 569, Daulana Tehsil Office, VILLAGE GORDHANPUR Hapur, Uttar Pradesh, 245301 HAPUR 245301",Hapur,Uttar Pradesh,49500.0
2829311,MASSRR E- Neermalya LLP,,Authorizati on,"Plot No. 306, Ram Mandir Road Near Kailash Nagar, Ambernath (E), Tal. Ambernath Dist. Thane Ambernath 421501",Thane,Maharashtra,3800.0
9118,MERCURY METAL INDUSTRIES,,Authorizati on,PLOT NO D-35 INDUSTRIAL AREA MAHAD MAHAD MAHAD 402309,Raigarh(MH),Maharashtra,200.0
1653787,MKK E WASTE RECYCLERS,,Authorizati on,"plot no.292, AH 47, BELUR IA Dharwad, karnataka dharwad 580011",Dharwad,Karnataka,360.0
5036733,MNK ECO ERA LLP,,Authorizati on,Industrial Plot R 28 Jokhabad Sikandarabad UPSIDC Industrial Area Sikandarabad 203205,Bulandshahr,Uttar Pradesh,6000.0
13205,MOBITECH E- WASTE RECYCLER -run by-MOBITECH LLP,,Authorizati on,Khewat no - 339 Dugran Guhana Road Sonipat Bhatgaon Dogran Sonipat Haryana Sonipat 131022,Sonipat,Haryana,5475.0
217,MOOGAMBIGAI METAL REFINERIES,,Authorizati on,"PLOT NO.132 A INDUSTRIAL AREA, BAIKAMPADY MANGALORE 575011",Dakshina Kannada,Karnataka,3600.0
9235,MORE BRIGHT E WASTE RECYCLER PVT LTD,,Authorizati on,"C- 78, PHASE - III, M,G ROAD INDUSTRIAL AREA HAPUR HAPUR 245101",Hapur,Uttar Pradesh,3240.0
23845,M/s BHAGYALAKSH MI LABORATORIE S LIMITED,,Authorizati on,"Plot No 33,34,35,36 Shri Shakti Udyog Nagar,Opp St john College, Veour Village Palghar 401404 Palghar 401404",Thane,Maharashtra,16000.0
135,M/s. E-Parisaraa Pvt. Ltd.,,Authorizati on,"Karnataka Industrial Area Development, Board Dobaspet Industrial Area, Dobaspet, Bengaluru (Bangalore) Rural, Karnataka, 562111 Dobaspet Industrial Area Bangalore Rural District 562111",Bangalore Rural,Karnataka,9288.0
138,"M/s. E-Parisara Pvt.Ltd,",,Authorizati on,"Plot no.42 A/4, Sy. no 285 Part and Sy. No.288(P), APIIC Industrial Park, Gollapuam(V), Hindupuram(M), Ananthapuram District Hindupuram 515211",Ananthapur,Andhra Pradesh,19800.0
5036633,M/s HM WASTE MANAGEMENT PRIVATE LTD,,Authorizati on,H1-137 H RIICO INDL . AREA SHAHJAHANPUR SHAHJAHANPUR 301706,Alwar,Rajasthan,3300.0
300,M/s. JRS RECYCLING SOLUTIONS PVT. LTD,,Authorizati on,"Gala No.428, Survey No.74, Hissa No. 2A Garib Nawaz Estste, Old Mumbai Pune Road, Dahisar, Dist-Thane Dahisar 400612",Thane,Maharashtra,1044.0
8803,MS LALIT INDUSTRIES,,Authorizati on,PLOT NO 15 SECTOR - B INDUSTRIAL AREA MANDIDEEP TAL GOHARGANJ MANDIDEEP 462046,Raisen,Madhya Pradesh,1000.0
510699,MS PRO WORLD GREEN PVT LTD,,Authorizati on,"KHASRA NO 57, 58 VILL DIKOLI ALIPUR JIJMANA MEERUT MEERUT 245206",Meerut,Uttar Pradesh,4500.0
5039,M/s Root Recycling,,Authorizati on,KHASRA NO-911 VILLAGE PADLI GURJAR ROORKEE 247667,Haridwar,Uttarakhand,1800.0
116,M/S SIMRAN INFOTECH,,Authorizati on,"At Village Simalkuri, P.O Kanak Chas, Chandan Kiyari Bokaro 828134",Bokaro,Jharkhand,360.0
303,M/s Universal E- Waste Recycling Private Limited,,Authorizati on,G1-742 RIICO Industrial Area Chopanki Bhiwadi 301019,Alwar,Rajasthan,6600.0
5036834,MTC E-WASTE RECYCLING PRIVATE LIMITED,,Authorizati on,"NO. 141/2B Part - 141/12 DPR Nagar, Thandalam Village, Sriperumbudur, Chennai Kancheepuram 602105",Kanchipuram,Tamil Nadu,18700.0
3106884,MZ E-WASTE MANAGEMENT PRIVATE LIMITED,,Authorizati on,"KHASRA NO A88/4, LINK ROAD, VILL- KARIMPUR, HASTINAPUR, MEERUT, U.P-250404 MEERUT 250404",Meerut,Uttar Pradesh,276.0
30960,Nagraj Ewaste Recycling,,Authorizati on,S No 41 Village Asoli Mauza Mahalgaon Tah Kamptee Dist Nagpur 441204 S No 41 Village Asoli Mauza Mahalgaon Tah Kamptee Dist Nagpur 441204 Nagpur 441204,Nagpur,Maharashtra,1800.0
122,Namo Ewaste Management Limited,,Authorizati on,"14/1, Milestone, Main Mathura Road Near NHPC Chowk Metro Station Faridabad 121003",Faridabad,Haryana,5110.0
1818113,Nature Eco Building Private Limited,,Authorizati on,Plot B-21 Near LG Balkirshnan Jalna MIDC Phase 3 Jalna 431203,Jalna,Maharashtra,11000.0
1503011,Naturevolt Recyclers India Pvt Ltd,,Authorizati on,"Subhadra Estate, Sector 58 Ballabhgarh 121004",Faridabad,Haryana,12210.0
222,Naturevolt Recyclers India Pvt Ltd,,Authorizati on,Plot No 323 Sector 24 Industrial Area FARIDABAD 121007,Faridabad,Haryana,15675.0
19511,NAVKAR RECYCLING PRIVATE LIMITED,,Authorizati on,"Survey No 84/4, Shirishpada, Gatesh Budhrukh, Wada, Palghar Wada 421303",Palghar,Maharashtra,10000.0
5036634,NEON CLEAN RECYCLING INDUSTRIES PRIVATE LIMITED,,Authorizati on,"Sy. No. 780, 854, Village Burgul Mandal Farooqnagar, District Rangareddy Telangana Rangareddy 509202",K.V.Rangareddy,Telangana,19500.0
6382,NEW FRIENDS WASTE MANAGEMENT,,Authorizati on,"Plot No 243, Udyog Vihar Phase VI Sector - 37 Pace City II Gurugram 122004",Gurgaon,Haryana,365.0
6805,New India Organics,,Authorizati on,"Gala No 158 Hissa No 1/A Village Uttarshiv, GHOTEGHAR, Tal & Dist: Thane Thane 400612",Thane,Maharashtra,1000.0
13387,New India Recyclers,,Authorizati on,"Plot No. 5 & 6, Gut No. 849/2728, Village Ambethan, Tal. Khed Pune 410501",Pune,Maharashtra,50.0
8863,New India Sales Corporation,,Authorizati on,"Plot no. C1B-1915, GIDC Estate, Panoli, Dist. Bharuch Ankleshwar 394115",Bharuch,Gujarat,300.0
69,NIRVANA RECYCLING PVT LTD,,Authorizati on,"D-6, D-7, HSIDC, SECTOR- 37, Gurgaon 122001",Gurgaon,Haryana,595.0
9146,NPEWASTE PVT LTD,,Authorizati on,NO 96 KOORGALLI INDUSTRIAL AREA BELVADI POST MYSORE 570018,Mysore,Karnataka,1200.0
285,NVSP TRADERS PRIVATE LIMITED,,Authorizati on,KHASRA NO 200/1/1 2 3 VILLAGE GESHUPUR SHUMALI TEHSIL MAWANA MEERUT 250406,Meerut,Uttar Pradesh,27600.0
3126584,ONWORLD RECYCLING PRIVATE LIMITED,,Authorizati on,"Khasra Number - 1049,1050,1051 Village - Pipple Kheda Pargana Sarwa Meerut Meerut 245206",Meerut,Uttar Pradesh,6479.0
3547954,Optima Recyclers Private Limited,,Authorizati on,"Kartar Ware House, Khajuri Sadak, Tehsil: Hujur, Dist: Bhopal, M.P,462030 Bhopal 462030",Bhopal,Madhya Pradesh,18000.0
275,Ortech India Corporation,,Authorizati on,Plot no 67 B Lodhi Majra Industrial Area Baddi 173205,Solan,Himachal Pradesh,1500.0
746944,OZONE WASTE LLP,,Authorizati on,"PLOT NO A 26, 27 SATHARIYA SATHARIYA INDUSTRIAL DEVELOPMENT AUTHORITY MOGRA BADSHAHPUR 222202",Jaunpur,Uttar Pradesh,11520.0
9114,PAMP PRECISION MANUFACTURI NG INDIA PRIVATE LIMITED,,Authorizati on,Rojka Meo Industrial Estate Tehsil Nuh Mewat 122103,Mewat,Haryana,1200.0
8447,P AND Y BHAVYA RECYCLERS PRIVATE LIMITED,,Authorizati on,Survey No 260 Village Navanagar Himatnagar 383220,Sabarkantha,Gujarat,11972.0
7970,PAYAS RECYCLERS,,Authorizati on,PLOT NO 28 29 30 SURVEY NO 2139 PARSHWA INDUSTRIAL PARK VILL RAJPUR TALUKA KADI MAHESANA 382740,Mahesana,Gujarat,3708.0
5036581,PCS GREEN RECYCLING LLP,,Authorizati on,"PLOT NO 1261, HSIIDC INDUSTRIAL ESTATE, RAI, RAI INDUSTRIAL AREA, Sonipat, HARYANA-131029 SONIPAT 131029",Sonipat,Haryana,6888.0
2946286,PEGASUS ENVIRONMENT LLP,,Authorizati on,"Plot No. C-2/3, Industrial Area Sikanderabad 203205",Bulandshahr,Uttar Pradesh,50160.0
14817,PEGASUS ENVIRONMENT LLP,,Authorizati on,KHASRA NO 372M IN FRONT OF JOKHABAD POWER HOUSE VILLAGE SAVLI BULANDSHAHR SIKANDERABAD 203205,Bulandshahr,Uttar Pradesh,33000.0
754027,PEGASUS ENVIRONMENT LLP,,Authorizati on,"D-13, KHASRA NO. 2, 4,VILLAGE RAJARAMPURNEKNAMPUR SIKANDARABAD INDUSTRIAL AREA, BULANDSHAHR BULANDSHAHR 203205",Bulandshahr,Uttar Pradesh,39600.0
2722049,PEGASUS ENVIRONMENT LLP,,Authorizati on,PLOT NO. B-12 INDUSTRIAL AREA SIKANDERABAD 203205,Bulandshahr,Uttar Pradesh,15695.0
14844,PEGASUS ENVIRONMENT LLP,,Authorizati on,HC 23 24 HD 17 18 19 INDUSTRIAL AREA GOPALPUR SIKANDERABAD 203205,Bulandshahr,Uttar Pradesh,33000.0
3232573,PEGASUS WASTE MANAGEMENT PRIVATE LIMITED,,Authorizati on,"SY NO. 85,PLOT NO. 9, PART-9,KIADB INDUSTRIAL AREA, KASABA HOBLI,CHOKKAHALLY VILLAGE HOSKOTE BANGALORE 562114",Bangalore Rural,Karnataka,16899.0
137,Pegasus Waste Management Pvt Ltd,,Authorizati on,"Khata No. 781, Rect. No. 125,, Killa no. 16/2, 17/2, 24/2,2, Khewat No. 654/617 min, Rect no. 126 Binola Gurugram 122413",Gurgaon,Haryana,13134.0
20954,Pideax Consulting Pvt Ltd,,Authorizati on,"Survey no. 1/1,1/4,1/6 village Dehriya Khurd, Shreenath Warehouse Dehariya Khurd, Sehore Madhya Pradesh Sehore 466111",Sehore,Madhya Pradesh,11000.0
3993780,PRAKASH INDUSTRY,,Authorizati on,"A-08, GROWTH CENTER PHASE 2 LALITAPUR ROAD Bijauli Industrial Area Bijauli Industrial Area, Jhansi, Uttar Pradesh, 284135 Jhansi 284135",Jhansi,Uttar Pradesh,20000.0
233,PRAKRUTHI RECYCLING PVT LTD,,Authorizati on,"B3 B4 KSSIDC , KUDUMALAKUNTE INDUSTRIAL AREA, GOWRIBIDANUR CHIKKABALLAPUR 561208",Chikkaballapur,Karnataka,999.6
17687,PRIMERO RECYCLING PRIVATE LIMITED,,Authorizati on,"Survey no.1/7, 1/8, Shree Jagannath Ware house, Dehriya Khurd Dehriya Khurd Sehore Madhya Pradesh Sehore 466111",Sehore,Madhya Pradesh,11000.0
3087646,PRIMERO WASTE SOLUTION PRIVATE LIMITED,,Authorizati on,"Survey No 174/5, Industrial Area, Village , Tarana,Tehsil, Sanwer,District Indore Indore 453551",Indore,Madhya Pradesh,3300.0
5181,PROGRESSIVE RECYCLER LLP,,Authorizati on,"D-45, MIDC CHAKAN INDUSTRIAL AREA, PHASE - 2, KHED, PUNE PUNE 410501",Pune,Maharashtra,295.0
5225,PROMETHEUS RECYCLING PRIVATE LIMITED,,Authorizati on,"800 and 801, land no. 786/4, 799/1, dilawar ka pura, susera, gwalior, Gwalior, Madhya Pradesh, 474010 Gwalior 474010",Gwalior,Madhya Pradesh,4000.0
13144,PROPLANET RECYCLERS LLP,,Authorizati on,"Plot No. 285-E, Sy. No. 25(P), Yandrakayipura Village, Narasapura Hobli, Kolar Taluk and District Kolar Kolar 563133",Kolar,Karnataka,360.0
211,PRUTHVI E- RECYCLE PVT.LTD,,Authorizati on,"PLOT NO 12, SURVEY NO 160/1 Paiki 1, TIRUPATI Industrial Area, Lothada,Near J.K Bio Fuel,Rajkot,0, Rajkot Gujarat ESTATE LOTHADA LOTHADA, Rajkot Rajkot 360002",Rajkot,Gujarat,6588.0
8918,PURE EARTH RECYCLERS PRIVATE LIMITED,,Authorizati on,"western Hills, H.NO.23-311/B, Plot 167C, Addagutta Society, Opp JNTU, Kukatpally, Hyderabad, Telangana, 500072 HYDERABAD 500072",Hyderabad,Telangana,5050.0
5036432,PURE PLANET RECYCLING,,Authorizati on,"75 ,83,84 SAMROCK CERAMIC AT KANAVADA TALUKA, TARAPUR , KHEDA, GUJRAT,388180 KANAVADA 388180",Anand,Gujarat,15000.0
2968558,PURUS E WASTE RECYCLERS PRIVATE LIMITED,,Authorizati on,"KHASRA NO- 2424/2,2424/3,2429,2431,242 4/1,2425/1,2432 2ND KM ,DEVBAND BARLA ROAD TEHSIL-DEVBAND (BAHAR HADOOD ),DEOBAND ,SAHARANPUR,UTTAR PRADESH,247554 DEOBAND 247001",Saharanpur,Uttar Pradesh,10890.0
1610177,P U STEEL & ELECTRO PROCESS PRIVATE LIMITED,,Authorizati on,Ruiya Industrial Complex Patulia Khardaha North 24 Parganas 700119,North 24 Parganas,West Bengal,1200.0
12203,PYTHONIC WASTE SERVICES PRIVATE LIMITED,,Authorizati on,"KHASRA NO-37/12/2 MIN 13/1/2 MIN 18/3/2.9, ESTATC NATHUPUR, DISTRICT SONEPAT, Sonipat, Haryana, 131029 Nathupur 131029",Sonipat,Haryana,7872.0
3561424,R2 Recycling,,Authorizati on,"Khasra No. 504, Jansath, Miranpur Muzaffarnagar Road, Jolly Jansath, Salarpur Muzaffarnagar 251314",Muzaffarnagar,Uttar Pradesh,4800.0
165,Rajdhani Recycling Private Limited,,Authorizati on,Plot No. F- 416 MG ROAD INDUSTRIAL AREA HAPUR 245301,Hapur,Uttar Pradesh,3600.0
13162,RAMDASS TRADING COMPANY,,Authorizati on,"G1-177-C, MATASYA INDUSTRIAL AREA ALWAR 301030",Alwar,Rajasthan,180.0
8829,RASHI E WASTE SOLUTIONS PRIVATE LIMITED,,Authorizati on,No. SW 51 Shed No 26 Phase II Doddaballapura Apparel Park Doddaballapura Taluk Bengaluru Rural Doddaballapura 561203,Bangalore,Karnataka,300.0
28882,RAZA ENTERPRISES,,Authorizati on,"Sr. No. 124, Shed-A Gate No. 1 Khandve Nagar Pune-Nagar Road Kharadi Pune Tal. Haveli, Dist. Pune 411047 Pune 411047",Pune,Maharashtra,200.0
106,RBH E-Waste Recycle Hub Pvt Ltd,,Authorizati on,"130, HSIIDC, RAI INDUSTRIAL ESTATE PHASE-1 SONIPAT 131029",Sonipat,Haryana,912.5
4546738,RDI WASTE SOLUTION PRIVATE LIMITED,,Authorizati on,KHASRA NO -407 AND 416 AND 417 HARORA KHAS SIMBHAOLI HAPUR UTTAR PRADESH 245207 HARORA SIMBHAOLI 245207,Hapur,Uttar Pradesh,21216.0
65208,REART RECYCLING PRIVATE LIMITED,,Authorizati on,"Plot No. 365-366, Survey no. 111p1, Golden Green Industrial Park (Phase -D), Khambha, Tal.: Lodhika, Dist.: Rajkot -360311 Rajkot 360311",Rajkot,Gujarat,600.0
264,Reboot Resources Private Limited,,Authorizati on,"Sy No 29, 30 & 31 Ramdaspalle (V), Ibrahimpatnam (M Rangareddy District Hyderabad 501510",K.V.Rangareddy,Telangana,40000.0
142,RECFLY RECYCLERS PRIVATE LIMITED,,Authorizati on,"Khasra No.714, Khata No. 157, Mauja Pilana, Village Pilana, Baghpat 250615",Bagpat,Uttar Pradesh,11476.8
176,Re-Chakra Waste Management LLP,,Authorizati on,"Re-chakra Waste Management LLP Plot No- 18,Sector-6,Faridabad Haryana 121006 Faridabad 121006",Faridabad,Haryana,9200.0
3469852,RECLOME WASTE MANAGEMENT PRIVATE LIMITED,,Authorizati on,"PLOT NO IP 16 SY NO PARTS OF 18,211 AND 313, KUNDMALAKUNTE VILLAGE , BENGALORE RULAR BENGALORE 561208",Chikkaballapur,Karnataka,12600.0
117,RECOLOGY RECYCLING INDIA PRIVATE LIMITED,,Authorizati on,"KHASRA NO-69,70,71 VILLAGE PIPLE KHEDA, PARGANA SARAWA, Meerut, Uttar Pradesh, 250002 Meerut 250002",Meerut,Uttar Pradesh,13753.2
8700,RECOTECH E WASTE MANAGEMENT,,Authorizati on,"Recotech E-Waste Management ,Plot No. 36-37 , Aashrwad Industrial Estate, GIDC Naka, Sachin Surat City Surat 394230",Surat,Gujarat,307.0
5037732,Recycler Test,,Authorizati on,ABDCGDKNJ DFJSJBJDCBSUB CJSCSJ Delhi 110096,New Delhi,Delhi,1000.0
5037734,Recycler Test 2,,Authorizati on,JghavxavCcvaucvsavsusqyv Agra 282005,Agra,Uttar Pradesh,1000.0
109,RECYCLICO WASTE MANAGEMENT,,Authorizati on,"KHASRA NO 169, KHATAUNI NO 00105, UNNAMED, SAHASWAN, Dhakpura Tappa Haveli, BUDAUN 243638",Budaun,Uttar Pradesh,39000.0
13913,RECYCLING VILLA,,Authorizati on,"PLOT NO 127, JASHAN CITY KOHARA SAHNEWAL LINK ROAD JANDIALI LUDHIANA EAST LUDHIANA 141112",Ludhiana,Punjab,300.0
8681,RECYTRONICS WASTE SOLUTIONS LLP,,Authorizati on,Survey No 90/A Mangalpally Patelguda Ibrahimpatnam 501510,K.V.Rangareddy,Telangana,10800.0
2900610,REECOLLABB,,Authorizati on,39/2/1 KACHOLI ROHANA ROAD JATNANGLA MUZAFFARNAGAR 251202,Muzaffarnagar,Uttar Pradesh,52800.0
4685649,REGAIN ENERGIES SOLUTION PRIVATE LIMITED,,Authorizati on,"BLOCK NO.: B-9/11, PLOT NO.: 11, HOJIWALA INDUSTRIAL PARK, VILLAGE: VANZ- 394230, TAL: CHORASI DIST.: SURAT SURAT 394230",Surat,Gujarat,1800.0
5036837,RELECTRON INDIA PRIVATE LIMITED,,Authorizati on,"PLOT NO.S-1, PHASE III, SIPCOT INDUSTIAL PARK, SIDCO Industrial Estate Mukuntharayapuram, Narasingapuram Ranipet, Ranipet, Tamil Nadu, 632405 Ranipet 632405",Vellore,Tamil Nadu,17949.003
9857,RENAVART RECYCLERS INDIA PRIVATE LIMITED,,Authorizati on,"Sy.No. 183, Deshmukhi Village Pochampally Mandal yadadri bhuvanagiri Rangareddy Hyderabad 501512",Nalgonda,Telangana,1476.0
860053,RESCALEX,,Authorizati on,"17,Off Ponneri High Road,Manali New Town, Sadayankuppam,Chennai TamilNadu Chennai 600103",Chennai,Tamil Nadu,288.0
3749049,RESILIENCE EXIM PRIVATE LIMITED,,Authorizati on,"PLOT NO 30,31,32, SHUBHAM INDUSTRIAL PARK BLOCK NO 133,DASKROI CHANDIAL 382433",Ahmedabad,Gujarat,30000.0
40057,RESOURCE E WASTE SOLUTIONS PRIVATE LIMITED,,Authorizati on,"H-30, KOSI KOTWAN INDUSTRIAL AREA, TEHSIL CHATTA, Kosikalan Rural, Mathura 281403",Mathura,Uttar Pradesh,2920.0
148,Resource e waste solutions pvt ltd,,Authorizati on,F-97/F-9 Bhadrabad Industrial Area haridwar Haridwar 249402,Haridwar,Uttarakhand,2328.0
278,Re Sustainability Reldan Refining Private Limited,,Authorizati on,"HWMP-Survey.No.684/1, Dundigal Village Quthubullapur mandal, Medchal-Malkajgiri(District) Hyderabad 500043",Hyderabad,Telangana,13572.0
7506,Reteck Envirotech Private Limited,,Authorizati on,Plot No F-7 Additional Pathalganga MIDC Chavane Village Panvel Taluka Raigad Dist Rasayani 410208,Raigarh(MH),Maharashtra,10000.0
5036841,REVIVO RECYCLING PRIVATE LIMITED,,Authorizati on,Building No./Flat No.: Survey No. 713 Road/Street: Nandigama Revenue Village and Mekaguda Grampancha Nandigama 509228,K.V.Rangareddy,Telangana,19000.0
2368777,REWASTO RECYCLING,,Authorizati on,"PLOT NO. R-4, I.A. SITE-5, GREATER NOIDA GREATER NOIDA 201310",Gautam Buddha Nagar,Uttar Pradesh,4950.0
8858,Right Ewaste Recycle Pvt Ltd,,Authorizati on,"Survey No, 15/4/A, Unit No. 6, Godown No. B-1, Ground floor, Unity Industrial Park, Opp. KUD Business Cluster, Village Sawad, Tal. Bhiwandi, Dist. Thane Bhiwandi 421302",Thane,Maharashtra,1500.0
1736136,ROLEX ENTERPRISES,,Authorizati on,"S. No. 156, Hissa No. 4/1, Village- Dhansar, Taluka- Panvel, District: Raigad- 410208 Maharashtra PANVEL 410208",Raigarh(MH),Maharashtra,400.0
1879919,ROYAL E WASTE RECYCLING CO,,Authorizati on,"KHASRA NO. 361, 362/3, VILLAGE HUSSAINPUR BOPADA, PARGANA AND TEHSIL KHATOLI MUZAFFARNAGAR MUZAFFARNAGAR 251203",Muzaffarnagar,Uttar Pradesh,720.0
58991,ROYAL FAIZ RECYCLING PRIVATE LIMITED,,Authorizati on,PLOT NO I-22 MASURI GULAWATI ROAD INDUSTRIAL AREA HAPUR HAPUR 201254,Hapur,Uttar Pradesh,2160.0
8408,Rplanet Integrated Solution Pvt Ltd,,Authorizati on,Plot No 201 202 Old Block No 264-265 Paiki 1 Village-Zank Tal-Dahegam Gandhinagar 382305,Gandhi Nagar,Gujarat,25000.0
8634,RPN Industries,,Authorizati on,"Plot-B2, KSSIDC INDUSTRIAL AREA, MYSORE ROAD, KUMBALGODU KENGERI HOBLI BANGALORE SOUTH TALUK KUMBALGODU BANGALORE 560074",Bangalore,Karnataka,312.0
13755,RY RECYCLERS,,Authorizati on,"HG67 2G7 Eastern Unnao Industrial City, Unnao, Wajidpur Urf Rajepur Unnao 209801",Unnao,Uttar Pradesh,12250.0
8927,SAFDAR E RECYCLING PRIVATE LIMITED,,Authorizati on,"70 UPSIDC, M G Road GHAZIABAD 201002",Hapur,Uttar Pradesh,468.0
82236,SAHNI ENTERPRISES,,Authorizati on,SAHNI ENTERPRISES VILLAGE ANJI NASAL PO BAROG SOLAN 173212,Solan,Himachal Pradesh,60.0
5238,SAHYASOLUTI ONS GROUP OF WASTE MANAGEMENT,,Authorizati on,3/310 BADAYIL ESTATE MELORAM P.O PERUVANTHANAM PERUVANTHANAM 685532,Idukki,Kerala,14965.0
235,saisriwastemana gementpvtltd,,Authorizati on,"54 Nehru Nagar Pallipalayam(PO),kumarapala yam taulk Namakkal 636006",Namakkal,Tamil Nadu,1680.0
5037184,SAMS RECYCLING PRIVATE LIMITED,,Authorizati on,"KHASRA NO 121, VILLAGE MUBARAIKPUR ,BADARKHAN PARGANA DASNA TEHSIL DHOULANA, HAPUR, 245301 KHASRA NO 121, VILLAGE MUBARAIKPUR ,BADARKHAN PARGANA DASNA TEHSIL DHOULANA, HAPUR, 245301 HAPUR 245301",Hapur,Uttar Pradesh,27600.0
3210659,SAMYAK COMPUTER PRIVATE LIMITED,,Authorizati on,"Plot no 15, Sinhasa IT Park Dhar Road, Sinhasa Indore 453001",Indore,Madhya Pradesh,1500.0
41535,Sas Tech E Waste Recycling Solutions,,Authorizati on,Plot No G 286 Road No 1 RIICO Industrial Area Ratangarh 331022,Churu,Rajasthan,450.0
9275,Sayma Ewaste solutions,,Authorizati on,"Factory addres SR.NO.323,, URALI DEVACHI, URALI DEVACHI, Pune, Maharashtra, 412308 Pune 412308",Pune,Maharashtra,1000.0
124,Scape E Recycler Private Limited,,Authorizati on,"Plot 11-12, 17-18, 26-28 Chanakya Nagari Purna 431511",Parbhani,Maharashtra,235.0
5193,Scope Recycling Private Limited,,Authorizati on,"GATA NO 109, BANIYA KHERA, TEHSILCHANDAUSI,, SAMBHAL,244412, SAMBHAL Chandausi 244412",Sambhal,Uttar Pradesh,6120.0
8297,SEZ RECYCLING,,Authorizati on,"TP 7 4TH AVENUE, MAHINDRA WORLD CITY SEZ ZONE, CHENGALPATTU Chengalpet 603002",Kanchipuram,Tamil Nadu,1928.64
241,SHIVALIK SOLID WASTE MANAGEMENT LIMITED UNIT-2,,Authorizati on,Village upperla nangal Village upperla Nangal - Nalagarh SOLAN 174101,Solan,Himachal Pradesh,5500.0
167,Shiv Shakti Metals,,Authorizati on,"Khasra No 545, Sikheda Road, Vill-Phaphrana, Sikheda Road Industrial Area Modinagar 201204",Ghaziabad,Uttar Pradesh,936.0
1897809,Shreeram E Waste Recyclers And Traders,,Authorizati on,"KHARSAM, P.S HATHAURI, NEAR JANKI NAGAR CHOWK , KHARSAM, SAMASTIPUR, BIHAR, 847105 SAMASTIPUR 847105",Samastipur,Bihar,150.0
218,shukla e-waste processor,,Authorizati on,H 309 B RIICO Industrial Area Bhiwadi 301019,Alwar,Rajasthan,680.0
635620,Silicon Planet Recycling Private Limited,,Authorizati on,"Sy. No. 247 and 248, Thumkunta (V), Bommalaramaram (M Yadadri Bhuvanagiri District Hyderabad 508116",Nalgonda,Telangana,9000.0
7540,SK Enterprises,,Authorizati on,"Plot No. 134/1, 183, Industrial Estate Pune Road, Kedgaon, Industrial Estate, Ahmednagar, ahmednagar 414005",Ahmed Nagar,Maharashtra,11500.0
2396790,S K E WASTE DISPOSAL,,Authorizati on,"Gut No 679/2/3 Alandi Kuruli Road, Near Tower weigh Bridge Village Kuruli, Tal. Khed, Dist. Pune Pune 410501",Pune,Maharashtra,8000.0
215,Sky Green Waste Recycling Management,,Authorizati on,"Khasra No 51,53,54,66,20,21 VILLAGE PIPLIKHERA INDUSTRIAL AREA, HAPUR ROAD MEERUT 250002",Meerut,Uttar Pradesh,28800.0
13760,SMASH RECYCLER PRIVATE LIMITED,,Authorizati on,"KHASRA NO. 265/3, 267/2, VILLAGE DHIKOLI, MEERUT, Meerut, Uttar Pradesh, 250002 Meerut 250002",Meerut,Uttar Pradesh,3200.0
2743178,S N SUSTAINABLE RESOURCES PRIVATE LIMITED,,Authorizati on,"F-2 UPSIDA Industrial Area, Gopalpur Sikandrabad 203205",Bulandshahr,Uttar Pradesh,4800.0
9400,SOGO SYNERGY PRIVATE LIMITED,,Authorizati on,"SW-17B, Apparel Park-Phase II, Doddabellapura Industrial Area, Doddabellapura BANGALORE 561203",Bangalore Rural,Karnataka,1296.0
245,SONAL METACOP,,Authorizati on,"Sy no. 8/1, Plot no. 5,5/1, Kachohalli, Kachohalli Industrial Estate, Dasanapura Hobli, Laxmipura Post, Bengaluru 562123",Bangalore,Karnataka,1000.0
4463159,Soraza Recycling Private Limited,,Authorizati on,"Khasara No. 368, 369, 373, 375, 379, 380, Village-Ravali Pargana Dasna, Tehsil- Dhaulana Dhaulana 245101",Hapur,Uttar Pradesh,62400.0
255,SORIAAN RECYCLERS PRIVATE LIMITED,,Authorizati on,"Plot. No. 39 A and B , 2nd Phase, 2nd Sector, Bosch Road, Bidadi Industrial Area, Ramanagara Karnataka ramanagara 562109",Ramanagar,Karnataka,2400.0
14131,SPRECO RECYCLING,,Authorizati on,"D-45, TEHSIL RAIKOT, INDUSTRIAL FOCAL POINT RAIKOT, LUDHIANA, PUNJAB, 142034 RAIKOT 142034",Ludhiana,Punjab,240.0
4130183,S S Enviro Care,,Authorizati on,"E 216 B, Sarna Dungar Industrial Area Jhotwara Extension, Jaipur Jaipur 302012",Jaipur,Rajasthan,6600.0
128,Star E Processors,,Authorizati on,"KH. NO. 1273, Pehchan No.- 75/10/22, Mandir Hasaud, Arang, Raipur, Raipur 492101",Raipur,Chhattisgarh,12000.0
5045,Suritex Private Limited,,Authorizati on,"Suritex Pvt Ltd , plot no B-111 , MIDC Industrial Area, Butibori Nagpur 440001",Nagpur,Maharashtra,2360.0
14374,S V Greentech Private Limited,,Authorizati on,"Gut No. 517/1 &amp; 529, AT- Kelthan Village, Vada Palghar Kelthan Palghar, Maharashtra - 401204 Mumbai 401204",Mumbai,Maharashtra,8500.0
60066,Swachh Bharat Recycling Company,,Authorizati on,KHASRA NO 43 ALIPUR MEERUT 250001,Meerut,Uttar Pradesh,5760.0
48547,TARUNA E- WASTE INDUSTRIES,,Authorizati on,"Mahalakshmi Tent House, SEHORE, INDUSTRIAL AREA, Badiyakheri, Sehore, Sehore, Madhya Pradesh, 466001 Badiyakheri, Sehore, Sehore, Madhya Pradesh, 466001 Sehore 466001",Sehore,Madhya Pradesh,3080.0
13622,TECHAZAR E- CYCLERS PRIVATE LIMITED,,Authorizati on,"SF No. 379/1B1, MOTHER INDIA INDUSTRIAL ESTATE, SEERAPALAYAM LINK ROAD, MADUKARAI, Coimbatore 641050",Coimbatore,Tamil Nadu,365.0
141,TechEco Waste Management LLP,,Authorizati on,"Gat No. 155/B/2, At Post Dhakambe Village Taluka Dindori, Nashik Nashik 422004",Nashik,Maharashtra,9360.0
3469621,TECHGREEN INDUSTRIES PRIVATE LIMITED,,Authorizati on,"SY. NO. 1098/RU/1/2 , 1098U , 1098A/1/1/1/1 1099U/1/1 , 1099A/1/1/2 , Nandigama (V&M) , Rangareddy District Nandigama 509228",K.V.Rangareddy,Telangana,30000.0
145,Technogreen Recycling Pvt. Ltd.,,Authorizati on,"SUR, No. 376,377, Sanand, Modasar Ahmedabad 382220",Ahmedabad,Gujarat,50000.0
3081163,TECHSONY GREEN RECYCLING PRIVATE LIMITED,,Authorizati on,"GAT NO 118/3,MIDC CHAKAN PHASE II WASULI TAL. KHED,DIST. PUNE. MUMBAI 410501",Pune,Maharashtra,1200.0
304,TELSYS GREEN WEB RECYCLING PRIVATE LIMITED,,Authorizati on,"Plot No. E-559 RIICO Industrial Area, Manda-II Chomu Jaipur 303801",Jaipur,Rajasthan,12210.0
286,TERRANOVA ECO MANAGEMENT PVT LTD,,Authorizati on,"Plot No.59/263/1/19/5, Ground , First and Second Floor , Survey No.19/5,19/8,19/9 and 19/11,NH4,Malaonagathihalli, T.Begur,Nelamangala, Bangaluru 561123",Bangalore Rural,Karnataka,22665.0
131,TES-AMM (INDIA) PRIVATE LIMITED,,Authorizati on,"A-18 SIPCOT Industrial Growth Center Panrutti A village Oragadam, Sriperumbudur Taluk, Kancheepuram District Oragadam 631604",Kanchipuram,Tamil Nadu,30000.0
209,TES AMM (INDIA) PVT LTD,,Authorizati on,"No.8,Sy.No.118, Machohalli Village, Mookambika Temple Road, Magadi Main Road, Bangaluru 560091",Bangalore,Karnataka,3240.0
3586148,Teva Recyclotronics Private Limited,,Authorizati on,"Kila No- 69//9/1, 12/1/2 Village - Jhundpur, Tehsil - Rai Sonipat 131023",Sonipat,Haryana,18000.0
5690,THAPAR DISPOSAL INDUSTRIES,,Authorizati on,902-A/5/6 CHARA MANDI ROAD AMBALA CITY 134003,Ambala,Haryana,821.25
76,Think Recycling Private Limited,,Authorizati on,B-77 KSSIDC INDUSTRIAL ESTATE BOMMASANDRA BENGALURU 560099,Bangalore,Karnataka,300.0
192,THRECO RECYCLING LLP,,Authorizati on,"Hissa no. 1, Plot 153 and 149, Hedavli Village, Khopoli Pali Road, Pali 410205",Raigarh(MH),Maharashtra,3000.0
3456741,TOTAL WASTE SOLUTION,,Authorizati on,"KHASRA NO.30//10/1 ,11/01 , 12/2 , VILLAGE MAJRI , AMBALA DURANA ROAD TEHSIL AMBALA CANTT AMBALA 133004",Ambala,Haryana,10950.0
9661,TRANS THANE CREEK WASTE MANAGEMENT ASSOCIATION,,Authorizati on,"Plot No-128, TTC Waste Management, TTC MIDC, Near L&amp;T Infotech, Mahape, Navi Mumbai 400710",Thane,Maharashtra,21600.0
5282,Trivendent Technologies Pvt Ltd (Zolopik,,Authorizati on,"No 7A1, KIADB, INDUSTRY POWDER COATING, off Whitefield Road Kadugodi Industrial Area, Bengaluru, Bengaluru Urban Bengaluru 560067",Bangalore,Karnataka,360.0
108,UNICARE E WASTE RECYCLER,,Authorizati on,"Plot no 9/1, Raj industrial Park-lll Village-karchiya,Jarod- Savli-Highway,Ta: Savli District: Vadodara 391520",Vadodara,Gujarat,1500.0
289,Unique Eco Recycle,,Authorizati on,"Patwari Halka No 26, Survey No. 332/2/9 Nemawar Road, Palda Indore 452001",Indore,Madhya Pradesh,6000.0
8971,UNIQUE RECYCLING,,Authorizati on,Gat No 287 Nanekarwadi Tal Khed Pune 410501,Pune,Maharashtra,140.0
5544,UNIVERSAL POWER SOLUTIONS,,Authorizati on,"Khewat No. 120/113 Khatoni No. 148 Kh No 15, Killa No. 6/2/2, 3-10 Vill-Heerapur Sub- Tehsil- Mohna Ballabgarh, Ballabgarh, Faridabad, Haryana, 121004 FARIDABAD 121004",Faridabad,Haryana,6200.0
2803131,URBAN EDGE ENVIRONMENT PRIVATE LIMITED,,Authorizati on,"KHASRA NO 23, RUKANDDINPUR MISHRI URF PHAPHUNDA, HAPUR ROAD MEERUT 250002",Meerut,Uttar Pradesh,4968.0
154,URBAN METALS,,Authorizati on,E-2118 Ramchandrapura RIICO Industrial Area Sitapura Jaipur Sanganer Jaipur JAIPUR 302022,Jaipur,Rajasthan,480.0
3396921,URBENO PRIVATE LIMITED,,Authorizati on,"PLOT 109, ROAD NO 3 HITECH DEFENCE AND AEROSPACE PARK IT SECTOR KIADB,MAHADEVA KODIGEHALLI, MANCHAPPANAHOSAHALLI BENGALURU 562149",Bangalore Rural,Karnataka,360.0
5123,U.S.E-Waste Recycling,,Authorizati on,JL No-26 Gag-1422 Jalan complex Gate No 3 P/o-Begri P/s-Domjur Howrah 711302 Kolkata 711302,Howrah,West Bengal,300.0
173,VANS CHEMISTRY PVT LTD,,Authorizati on,"94/5, 13 &amp;14, SSR Layout, Kannahalli, Seegehalli, Magadi Road Bangalore 560112",Bangalore,Karnataka,1800.0
229,VICTORY RECOVERY RECYCLE TECHNOLOGIE S INDIA PRIVATE LIMITED,,Authorizati on,"672/2 Part, Double Dragon Industrial Park Kottaiyur village, Tiruvallur Taluk Tiruvallur 602108",Tiruvallur,Tamil Nadu,312.0
115,VIROGREEN INDIA PRIVATE LIMITED,,Authorizati on,"S.NO.297/1B-2, NO.49, PAPPANKUPPAM VILLAGE S.R.KANDIGAI ROAD GUMMIDIPOONDI 601201",Tiruvallur,Tamil Nadu,15000.0
21680,Vorgoo Recycling Private Limited,,Authorizati on,Plot No 214 sector 3 IMT Bawal Bawal Rewari Bawal 123401,Rewari,Haryana,160.65
8932,VOZON COMSOF PVT LTD,,Authorizati on,Survye No 19/9 Buchade wasti Near Indira Collage Road Marunjji Tal Mulshi dist pune Pune 411057,Pune,Maharashtra,20000.0
5036838,VR ECO RECYCLING PRIVATE LIMITED,,Authorizati on,"SARVEY NO: - 411/P1/P1 & 410/P1 VR ECO RECYCLING PVT LTD CHIKHLOD FAGVEL ROAD, KAPDWANJ Chikhlod 387640",Kheda,Gujarat,20000.0
5037681,VSD INFOTECH RECYCLING PRIVATE LIMITED,,Authorizati on,"Khata-53, Khevat-27, VILLAGE-TAMASPURA Jhajjar Jhajjar 124104",Jhajjar,Haryana,82500.0
199,WASTE PRO RECYCLING,,Authorizati on,"Khasra No 35 and 36, udayrampur Nangla DHAULANA Hapur 201015",Hapur,Uttar Pradesh,6000.0
5325,WASTE RECYCLING STUDIO,,Authorizati on,"Plot No-347 ,Sector-3 ,Phase- 2 IMT Bawal ,Rewari , Haryana, 123501 Bawal 123501",Rewari,Haryana,5670.0
156,Wastetech Recycling Company,,Authorizati on,"HD-7, UPSIDC INDUSTRIAL AREA, SIKANDRABAD, Bulandshahar 203206",Bulandshahr,Uttar Pradesh,1800.0
7632,WB E Waste Control Management Pvt Ltd,,Authorizati on,173/205 Maheshrekha Kulgachia Tulsiberia Road Tulsigram Panchayat (Near Mahindra Howrah 711306,Howrah,West Bengal,19800.0
105,WEEE PRO RESOURCE RECOVERY SOLUTIONS PRIVATE LIMITED,,Authorizati on,"Plot No. F-39, Industrial Area Sikandrabad, Gopalpur, Bulandshahr Sikandrabad 203001",Bulandshahr,Uttar Pradesh,5400.0
234,WEEE-PRO RESOURCE RECOVERY SOLUTIONS PRIVATE LIMITED,,Authorizati on,"E-24 INDUSTRIAL AREA, SIKANDRABAD Sikandrabad 203205",Bulandshahr,Uttar Pradesh,5520.0
5848,WESTERN RECYCLER,,Authorizati on,"PLOT NO 633,SURVEY NO 8- 2 SHILPHATA PANVEL ROAD,AT POST DAHISER,DIST THANE AT POST DAHISER 400612",Thane,Maharashtra,400.0
130,WE THE RECYCLING COMPANY,,Authorizati on,H.No 2212 Ambika City Road Borpada Bhiwandi Bhiwandi 421302,Thane,Maharashtra,750.0
3528491,WE WORK GREEN,,Authorizati on,"PLOT NO-F-197 INDUSTRIAL AREA KOSI KOTWAN, EXTENSIN-1, KOSI KALAN, MATHURA MATHURA 281403",Mathura,Uttar Pradesh,3300.0
9620,WORLD WIDE RECYCLERS,,Authorizati on,KHASRA NO 745 HAPUR ROAD ALLIPUR JIJMANA INDUSTRIAL AREA MEERUT 250002,Meerut,Uttar Pradesh,10656.0
5037081,WORTECH ENGINEERS PRIVATE LIMITED,,Authorizati on,"KHASRA NO. 4278/4062 AT VILL GOPAL NAGAR, MADHORAJPURA Jaipur 303006",Jaipur,Rajasthan,19800.0
5036434,YASH INDUSTRIES,,Authorizati on,SY NO 148 AUTOMOTIVE PARK ANGANVADI CENTRE MANOHARABAD 502336,Medak,Telangana,15000.0
2565158,ZASHA ELECTROWAST E RECYCLING PVT LTD,,Authorizati on,"SECTOR-3, 208, SHATABDI NAGAR, DELHI ROAD, MEERUT, UTTAR PRADESH MEERUT 250001",Meerut,Uttar Pradesh,9000.0
103,Z Enviro Industries Pvt. Ltd.,,Authorizati on,"Plot No. 106 &amp; 107, Pulimamidi Village Kandukur Mandal Ranga Reddy District 501359",K.V.Rangareddy,Telangana,10000.0
