district,lat,lon
Meerut,28.98,77.71
Haridwar,29.95,78.16
Bulandshahr,28.41,77.85
K.V.Rangareddy,17.25,78.40
Hapur,28.73,77.78
Muzaffarnagar,29.47,77.70
Alwar,27.55,76.60
Sonipat,28.99,77.02
Ahmedabad,23.02,72.57
Thane,19.22,72.98
Gurgaon,28.46,77.03
Jhajjar,28.61,76.66
Palghar,19.70,72.77
Karnal,29.69,76.99
Kanchipuram,12.83,79.70
Ghaziabad,28.67,77.44
Sabarkantha,23.60,73.00
Mathura,27.49,77.67
Pune,18.52,73.86
Tiruvannamalai,12.23,79.07
Saharanpur,29.96,77.55
Bangalore Rural,13.28,77.54
Gautam Buddha Nagar,28.47,77.50
Budaun,28.04,79.12
Rohtak,28.90,76.61
Faridabad,28.41,77.32
Bagpat,28.94,77.22
Gandhi Nagar,23.22,72.65
Jaipur,26.91,75.79
Nalgonda,17.06,79.27
Kolar,13.14,78.13
Surat,21.17,72.83
Medak,18.05,78.26
Hyderabad,17.39,78.49
Panipat,29.39,76.97
Ludhiana,30.90,75.85
Bharuch,21.70,72.98
Rajkot,22.30,70.80
Solapur,17.66,75.91
Tumkur,13.34,77.10
Mumbai,19.08,72.88
Sehore,23.20,77.08
Tiruvallur,13.14,79.91
Mahabub Nagar,16.74,78.00
Howrah,22.59,88.31
Kheda,22.75,72.68
Jhansi,25.45,78.57
Raigarh(MH),18.52,73.18
Ananthapur,14.68,77.60
Bhopal,23.26,77.41
Vellore,12.92,79.13
Satara,17.68,74.02
Bangalore,12.97,77.59
Anand,22.56,72.95
Idukki,9.85,76.97
Nashik,20.00,73.79
Sitapur,27.57,80.68
Nagpur,21.15,79.09
Mahesana,23.60,72.39
Chikkaballapur,13.43,77.73
Unnao,26.55,80.49
Raipur,21.25,81.63
Coimbatore,11.02,76.96
Ambala,30.38,76.78
Jaunpur,25.75,82.69
Ahmed Nagar,19.09,74.74
Jalna,19.84,75.89
Indore,22.72,75.86
Mohali,30.70,76.72
Solan,30.91,77.10
Mewat,28.10,77.00
Jalandhar,31.33,75.58
Puruliya,23.33,86.36
Bhavnagar,21.76,72.15
Moradabad,28.84,78.77
Sambhal,28.58,78.57
Rewari,28.20,76.62
Ramanagar,12.72,77.28
Gwalior,26.22,78.18
Dakshina Kannada,12.87,74.88
Vadodara,22.31,73.18
Nalbari,26.44,91.44
Dhule,20.90,74.77
Palwal,28.14,77.33
North 24 Parganas,22.72,88.48
Namakkal,11.22,78.17
Mysore,12.30,76.64
Mau,25.94,83.56
South 24 Parganas,22.40,88.43
Raisen,23.33,77.78
Valsad,20.61,72.93
Aurangabad,19.88,75.34
Hooghly,22.90,88.39
Panch Mahals,22.75,73.60
Churu,28.29,74.95
Bokaro,23.67,86.15
Dharwad,15.46,75.01
Lohardaga,23.43,84.68
Ernakulam,9.98,76.28
Chennai,13.08,80.27
Parbhani,19.27,76.77
Kolkata,22.57,88.36
Cuddapah,14.47,78.82
Visakhapatnam,17.69,83.22
Samastipur,25.86,85.78
Sikar,27.61,75.14
Navsari,20.95,72.92
