state,recyclers_2021,capacity_tpa_2021,collection_centres_2021,epr_producers_2021,processed_fy20_t,processed_fy21_t
Andhra Pradesh,8,32122.5,56,8,9.96,229.084
Assam,1,120,92,3,28.441,63.2
Bihar,0,0,85,0,1674.144,86.0
Chhattisgarh,2,6750,69,5,26.986,258.1
Delhi,2,120,150,552,488,610.132
Gujarat,33,84301.92,163,78,14185.54,109463.8032
Goa,1,103,46,3,218.544,
Haryana,42,124281.6,112,182,31036.4,
Himachal Pradesh,2,1500,31,8,140.9,72.944
Jammu & Kashmir,3,705,50,0,87.18,
Jharkhand,2,660,68,1,36.43,95.316
Karnataka,71,52842,164,140,44240.10,96192.45
Kerala,1,1200,103,55,1289.21,1494.0
Maharashtra,116,106280.5,384,445,13141.94,14546.0
Madhya Pradesh,2,9600,95,9,183.82,419.44
Odisha,5,5690,81,7,476.13,398.483
Punjab,7,9492,83,9,180.9,384.307
Rajasthan,23,83254,118,23,17028.188,18742.118
Tamil Nadu,32,132049,162,106,37235.66,28305.89
Telangana,16,91563,97,37,37858,38346.0
Uttar Pradesh,89,494042.7,139,161,0,
Uttarakhand,6,147305,59,7,16322.16,43150.08
West Bengal,4,1950,145,65,510,416.891
