state,processed_fy24_t,processed_fy25_t,recyclers_fy24,recyclers_fy25
Andhra Pradesh,768.715,148.969,4,5
Assam,0,0,0,1
Bihar,0,6.0,1,2
Chhattisgarh,7370.845,3500.917,2,2
Gujarat,95776.688,76879.919,37,41
Haryana,110061.696,149653.641,28,43
Himachal Pradesh,159.679,169.271,1,4
Jharkhand,0,129.1435,1,3
Karnataka,20910.603,16151.766,41,57
Kerala,5242.860,10079.632,1,2
Madhya Pradesh,5914.660,13014.042,6,10
Maharashtra,40664.231,52597.803,50,75
Punjab,65.493,2972.086,4,7
Rajasthan,24279.505,21345.480,8,14
Tamil Nadu,23203.636,16360.815,8,18
Telangana,65226.787,119187.979,14,19
Uttar Pradesh,236727.041,388160.231,74,125
Uttarakhand,134255.106,113562.255,5,7
West Bengal,6302.319,4559.529,6,11
